{
    "('celseq', 'celseq')": 0.9992425380813336,
    "('celseq', 'celseq2')": 0.2571513133128265,
    "('celseq', 'fluidigmc1')": 0.2689510920817909,
    "('celseq', 'inDrop1')": 0.1823659762279003,
    "('celseq', 'inDrop2')": 0.21846992377993427,
    "('celseq', 'inDrop3')": 0.14646373961570358,
    "('celseq', 'inDrop4')": 0.2705959387047944,
    "('celseq', 'smarter')": 0.14523864248709203,
    "('celseq', 'smartseq2')": 0.23122633560794048,
    "('celseq2', 'celseq2')": 0.9998930451849714,
    "('celseq2', 'fluidigmc1')": 0.1522178688100421,
    "('celseq2', 'inDrop1')": 0.19665592249867367,
    "('celseq2', 'inDrop2')": 0.3420842234481391,
    "('celseq2', 'inDrop3')": 0.257814442644434,
    "('celseq2', 'inDrop4')": 0.24639853244873303,
    "('celseq2', 'smarter')": 0.31972140402804006,
    "('celseq2', 'smartseq2')": 0.4403603032893846,
    "('fluidigmc1', 'fluidigmc1')": 0.9999849435617308,
    "('fluidigmc1', 'inDrop1')": 0.19463181163846832,
    "('fluidigmc1', 'inDrop2')": 0.21356640382745784,
    "('fluidigmc1', 'inDrop3')": 0.10356672354048724,
    "('fluidigmc1', 'inDrop4')": 0.2836258269595296,
    "('fluidigmc1', 'smarter')": 0.2512291566802646,
    "('fluidigmc1', 'smartseq2')": 0.18583995182786725,
    "('inDrop1', 'inDrop1')": 0.9995341694535289,
    "('inDrop1', 'inDrop2')": 0.306189106152621,
    "('inDrop1', 'inDrop3')": 0.35588021683763027,
    "('inDrop1', 'inDrop4')": 0.40277037601865906,
    "('inDrop1', 'smarter')": 0.2618872403059095,
    "('inDrop1', 'smartseq2')": 0.20564300334567012,
    "('inDrop2', 'inDrop2')": 0.9995223231202873,
    "('inDrop2', 'inDrop3')": 0.34496278469571473,
    "('inDrop2', 'inDrop4')": 0.5378506624863535,
    "('inDrop2', 'smarter')": 0.5070215890188622,
    "('inDrop2', 'smartseq2')": 0.4335465832728391,
    "('inDrop3', 'inDrop3')": 0.9996568181002885,
    "('inDrop3', 'inDrop4')": 0.26545459563979296,
    "('inDrop3', 'smarter')": 0.31545861319245766,
    "('inDrop3', 'smartseq2')": 0.3504396116417524,
    "('inDrop4', 'inDrop4')": 0.9996406460226143,
    "('inDrop4', 'smarter')": 0.37045321726449487,
    "('inDrop4', 'smartseq2')": 0.26611907722237493,
    "('smarter', 'smarter')": 0.9999920771832476,
    "('smarter', 'smartseq2')": 0.48280500847062763,
    "('smartseq2', 'smartseq2')": 0.9999907937267206
}