{
    "('1', '1')": 1.0,
    "('1', '2')": 0.7588495575221239,
    "('1', '3')": 0.6255411255411255,
    "('1', '4')": 0.5110619469026548,
    "('1', '5')": 0.8174778761061947,
    "('1', '6')": 0.6559734513274337,
    "('1', 'A1')": 0.39491150442477874,
    "('1', 'A2')": 0.37168141592920356,
    "('1', 'A3')": 0.2610619469026549,
    "('1', 'A4')": 0.27986725663716816,
    "('1', 'A5')": 0.33849557522123896,
    "('1', 'A6')": 0.3086283185840708,
    "('1', 'B1')": 0.11283185840707964,
    "('1', 'B2')": 0.15597345132743362,
    "('1', 'B3')": 0.15265486725663716,
    "('1', 'B4')": 0.09623893805309734,
    "('2', '2')": 1.0,
    "('2', '3')": 0.8787878787878788,
    "('2', '4')": 0.4984909456740443,
    "('2', '5')": 0.7449698189134809,
    "('2', '6')": 0.6544265593561368,
    "('2', 'A1')": 0.22082494969818914,
    "('2', 'A2')": 0.22535211267605634,
    "('2', 'A3')": 0.2838499184339315,
    "('2', 'A4')": 0.32340425531914896,
    "('2', 'A5')": 0.22585513078470826,
    "('2', 'A6')": 0.20975855130784707,
    "('2', 'B1')": 0.21327967806841047,
    "('2', 'B2')": 0.1664989939637827,
    "('2', 'B3')": 0.170523138832998,
    "('2', 'B4')": 0.12323943661971831,
    "('3', '3')": 1.0,
    "('3', '4')": 0.7142857142857143,
    "('3', '5')": 0.922077922077922,
    "('3', '6')": 0.7640692640692641,
    "('3', 'A1')": 0.3917748917748918,
    "('3', 'A2')": 0.44155844155844154,
    "('3', 'A3')": 0.3116883116883117,
    "('3', 'A4')": 0.28354978354978355,
    "('3', 'A5')": 0.45454545454545453,
    "('3', 'A6')": 0.4588744588744589,
    "('3', 'B1')": 0.5324675324675324,
    "('3', 'B2')": 0.5216450216450217,
    "('3', 'B3')": 0.4329004329004329,
    "('3', 'B4')": 0.3181818181818182,
    "('4', '4')": 1.0,
    "('4', '5')": 0.655317360235393,
    "('4', '6')": 0.5682873954784763,
    "('4', 'A1')": 0.18644986449864498,
    "('4', 'A2')": 0.16162310866574967,
    "('4', 'A3')": 0.24877650897226752,
    "('4', 'A4')": 0.2723404255319149,
    "('4', 'A5')": 0.23566084788029926,
    "('4', 'A6')": 0.1962655601659751,
    "('4', 'B1')": 0.09619984055275047,
    "('4', 'B2')": 0.10496943927717246,
    "('4', 'B3')": 0.10675039246467818,
    "('4', 'B4')": 0.049723756906077346,
    "('5', '5')": 1.0,
    "('5', '6')": 0.7477931904161412,
    "('5', 'A1')": 0.28184281842818426,
    "('5', 'A2')": 0.25103163686382396,
    "('5', 'A3')": 0.42251223491027734,
    "('5', 'A4')": 0.44964539007092197,
    "('5', 'A5')": 0.27847049044056527,
    "('5', 'A6')": 0.25186721991701244,
    "('5', 'B1')": 0.18369062631357713,
    "('5', 'B2')": 0.19966372425388818,
    "('5', 'B3')": 0.11250654107796965,
    "('5', 'B4')": 0.07904802379940501,
    "('6', '6')": 1.0,
    "('6', 'A1')": 0.12791327913279132,
    "('6', 'A2')": 0.10729023383768914,
    "('6', 'A3')": 0.1500815660685155,
    "('6', 'A4')": 0.1702127659574468,
    "('6', 'A5')": 0.13798836242726517,
    "('6', 'A6')": 0.13485477178423236,
    "('6', 'B1')": 0.11489625270981728,
    "('6', 'B2')": 0.0966243419015175,
    "('6', 'B3')": 0.08843537414965986,
    "('6', 'B4')": 0.07947301317467063,
    "('A1', 'A1')": 1.0,
    "('A1', 'A2')": 0.9016506189821183,
    "('A1', 'A3')": 0.8752039151712887,
    "('A1', 'A4')": 0.9687943262411347,
    "('A1', 'A5')": 0.8308943089430895,
    "('A1', 'A6')": 0.9262872628726287,
    "('A1', 'B1')": 0.08509485094850948,
    "('A1', 'B2')": 0.08563685636856369,
    "('A1', 'B3')": 0.0685504971219257,
    "('A1', 'B4')": 0.05482362940926477,
    "('A2', 'A2')": 1.0,
    "('A2', 'A3')": 0.8431911966987621,
    "('A2', 'A4')": 0.9205673758865248,
    "('A2', 'A5')": 0.7971114167812929,
    "('A2', 'A6')": 0.8328748280605227,
    "('A2', 'B1')": 0.10041265474552957,
    "('A2', 'B2')": 0.08528198074277854,
    "('A2', 'B3')": 0.07221350078492936,
    "('A2', 'B4')": 0.06629834254143646,
    "('A3', 'A3')": 1.0,
    "('A3', 'A4')": 0.8992907801418439,
    "('A3', 'A5')": 0.8099510603588908,
    "('A3', 'A6')": 0.7765089722675367,
    "('A3', 'B1')": 0.09951060358890701,
    "('A3', 'B2')": 0.08319738988580751,
    "('A3', 'B3')": 0.08058608058608059,
    "('A3', 'B4')": 0.06332341691457713,
    "('A4', 'A4')": 1.0,
    "('A4', 'A5')": 0.9219858156028369,
    "('A4', 'A6')": 0.9475177304964539,
    "('A4', 'B1')": 0.1773049645390071,
    "('A4', 'B2')": 0.1702127659574468,
    "('A4', 'B3')": 0.12198581560283688,
    "('A4', 'B4')": 0.11347517730496454,
    "('A5', 'A5')": 1.0,
    "('A5', 'A6')": 0.7933609958506224,
    "('A5', 'B1')": 0.08504672897196262,
    "('A5', 'B2')": 0.0798004987531172,
    "('A5', 'B3')": 0.08267922553636839,
    "('A5', 'B4')": 0.06374840628984275,
    "('A6', 'A6')": 1.0,
    "('A6', 'B1')": 0.0705607476635514,
    "('A6', 'B2')": 0.06639004149377593,
    "('A6', 'B3')": 0.06698063840920984,
    "('A6', 'B4')": 0.05737356566085848,
    "('B1', 'B1')": 1.0,
    "('B1', 'B2')": 0.9046728971962616,
    "('B1', 'B3')": 0.5481308411214953,
    "('B1', 'B4')": 0.6646833829154272,
    "('B2', 'B2')": 1.0,
    "('B2', 'B3')": 0.6111983254840397,
    "('B2', 'B4')": 0.6141096472588186,
    "('B3', 'B3')": 1.0,
    "('B3', 'B4')": 0.6106750392464678,
    "('B4', 'B4')": 1.0
}