{
    "('1', '1')": 1.0,
    "('1', '2')": 0.07983508245877062,
    "('1', '3')": 0.10894308943089431,
    "('1', '4')": 0.04603637996856052,
    "('1', '5')": 0.13790767228430195,
    "('1', '6')": 0.04608761711825779,
    "('1', 'A1')": 0.024990675121223424,
    "('1', 'A2')": 0.016379310344827588,
    "('1', 'A3')": 0.018651362984218076,
    "('1', 'A4')": 0.02158730158730159,
    "('1', 'A5')": 0.04126984126984127,
    "('1', 'A6')": 0.04542986059939232,
    "('1', 'B1')": 0.07975009187798604,
    "('1', 'B2')": 0.0700703308153165,
    "('1', 'B3')": 0.09274873524451939,
    "('1', 'B4')": 0.07342425071314133,
    "('2', '2')": 1.0,
    "('2', '3')": 0.17672833495618306,
    "('2', '4')": 0.06283595922150138,
    "('2', '5')": 0.19775675761259348,
    "('2', '6')": 0.1545567092999939,
    "('2', 'A1')": 0.025565123789020452,
    "('2', 'A2')": 0.03457606734816596,
    "('2', 'A3')": 0.020440753752794635,
    "('2', 'A4')": 0.03005780346820809,
    "('2', 'A5')": 0.04834212470218588,
    "('2', 'A6')": 0.02661064425770308,
    "('2', 'B1')": 0.08744517543859649,
    "('2', 'B2')": 0.06337339065231493,
    "('2', 'B3')": 0.07695145385170217,
    "('2', 'B4')": 0.05725,
    "('3', '3')": 1.0,
    "('3', '4')": 0.07086614173228346,
    "('3', '5')": 0.16357643180881748,
    "('3', '6')": 0.09209357417826473,
    "('3', 'A1')": 0.024422735346358793,
    "('3', 'A2')": 0.030107526881720432,
    "('3', 'A3')": 0.013813813813813814,
    "('3', 'A4')": 0.03365810451727192,
    "('3', 'A5')": 0.05060895325872284,
    "('3', 'A6')": 0.01627742392073602,
    "('3', 'B1')": 0.09094827586206897,
    "('3', 'B2')": 0.06042650500527027,
    "('3', 'B3')": 0.08059981255857544,
    "('3', 'B4')": 0.06490015360983103,
    "('4', '4')": 1.0,
    "('4', '5')": 0.3555541795665635,
    "('4', '6')": 0.4398095669916119,
    "('4', 'A1')": 0.0170506076546345,
    "('4', 'A2')": 0.012419949543954978,
    "('4', 'A3')": 0.01073743922204214,
    "('4', 'A4')": 0.011317338162064282,
    "('4', 'A5')": 0.032154628233059604,
    "('4', 'A6')": 0.01596707818930041,
    "('4', 'B1')": 0.27048438207333636,
    "('4', 'B2')": 0.3137806347930896,
    "('4', 'B3')": 0.17190961453256534,
    "('4', 'B4')": 0.02457498737586265,
    "('5', '5')": 1.0,
    "('5', '6')": 0.3930796879862915,
    "('5', 'A1')": 0.03430531732418525,
    "('5', 'A2')": 0.030653401452003227,
    "('5', 'A3')": 0.027960057061340943,
    "('5', 'A4')": 0.03213927017073987,
    "('5', 'A5')": 0.069668458781362,
    "('5', 'A6')": 0.04475982532751092,
    "('5', 'B1')": 0.17525821131350877,
    "('5', 'B2')": 0.2700040845593242,
    "('5', 'B3')": 0.32723679482572765,
    "('5', 'B4')": 0.06321704518848045,
    "('6', '6')": 1.0,
    "('6', 'A1')": 0.010358565737051793,
    "('6', 'A2')": 0.011010362694300517,
    "('6', 'A3')": 0.005189530685920578,
    "('6', 'A4')": 0.008976660682226212,
    "('6', 'A5')": 0.024785857481319482,
    "('6', 'A6')": 0.008044333214158027,
    "('6', 'B1')": 0.15733674015239477,
    "('6', 'B2')": 0.20262054709216853,
    "('6', 'B3')": 0.1494028759444309,
    "('6', 'B4')": 0.019871205151793928,
    "('A1', 'A1')": 1.0,
    "('A1', 'A2')": 0.7411714881326299,
    "('A1', 'A3')": 0.6350201819919981,
    "('A1', 'A4')": 0.3714902807775378,
    "('A1', 'A5')": 0.3431933842239186,
    "('A1', 'A6')": 0.6731721698113208,
    "('A1', 'B1')": 0.02641310089804543,
    "('A1', 'B2')": 0.032605445029996905,
    "('A1', 'B3')": 0.04366438356164384,
    "('A1', 'B4')": 0.013768115942028985,
    "('A2', 'A2')": 1.0,
    "('A2', 'A3')": 0.6130988477865373,
    "('A2', 'A4')": 0.48109965635738833,
    "('A2', 'A5')": 0.319596478595286,
    "('A2', 'A6')": 0.5191299954487187,
    "('A2', 'B1')": 0.023378141437755698,
    "('A2', 'B2')": 0.025954720170762304,
    "('A2', 'B3')": 0.04044585987261146,
    "('A2', 'B4')": 0.008209745762711865,
    "('A3', 'A3')": 1.0,
    "('A3', 'A4')": 0.547427652733119,
    "('A3', 'A5')": 0.3088505325009181,
    "('A3', 'A6')": 0.4386109962794543,
    "('A3', 'B1')": 0.02858938108702482,
    "('A3', 'B2')": 0.027915019762845848,
    "('A3', 'B3')": 0.04929334712168218,
    "('A3', 'B4')": 0.011874469889737066,
    "('A4', 'A4')": 1.0,
    "('A4', 'A5')": 0.18671248568155785,
    "('A4', 'A6')": 0.2758762886597938,
    "('A4', 'B1')": 0.029903363609970555,
    "('A4', 'B2')": 0.03727714748784441,
    "('A4', 'B3')": 0.05499395612036413,
    "('A4', 'B4')": 0.008242664029014177,
    "('A5', 'A5')": 1.0,
    "('A5', 'A6')": 0.37499735425471115,
    "('A5', 'B1')": 0.033882571362265024,
    "('A5', 'B2')": 0.04256559766763848,
    "('A5', 'B3')": 0.05243161094224924,
    "('A5', 'B4')": 0.024056767047421254,
    "('A6', 'A6')": 1.0,
    "('A6', 'B1')": 0.0276688955499193,
    "('A6', 'B2')": 0.04657586129680727,
    "('A6', 'B3')": 0.041635124905374715,
    "('A6', 'B4')": 0.016163793103448277,
    "('B1', 'B1')": 1.0,
    "('B1', 'B2')": 0.43493810178817055,
    "('B1', 'B3')": 0.32761037140854943,
    "('B1', 'B4')": 0.1104944500504541,
    "('B2', 'B2')": 1.0,
    "('B2', 'B3')": 0.29015663763890737,
    "('B2', 'B4')": 0.08934169278996865,
    "('B3', 'B3')": 1.0,
    "('B3', 'B4')": 0.1412894375857339,
    "('B4', 'B4')": 1.0
}