{
    "('1', '1')": 1.0,
    "('1', '2')": 0.08137215795771839,
    "('1', '3')": 0.12842304060434373,
    "('1', '4')": 0.05190915897179935,
    "('1', '5')": 0.1408316358595606,
    "('1', '6')": 0.04607942973523422,
    "('1', 'A1')": 0.04292815183009489,
    "('1', 'A2')": 0.03024662633783155,
    "('1', 'A3')": 0.04641089108910891,
    "('1', 'A4')": 0.21743697478991597,
    "('1', 'A5')": 0.04731457800511509,
    "('1', 'A6')": 0.0665485476333162,
    "('1', 'B1')": 0.10918114143920596,
    "('1', 'B2')": 0.09074355083459787,
    "('1', 'B3')": 0.12479201331114809,
    "('1', 'B4')": 0.07450157397691501,
    "('2', '2')": 1.0,
    "('2', '3')": 0.17429406037000975,
    "('2', '4')": 0.0641316685584563,
    "('2', '5')": 0.19697124795544535,
    "('2', '6')": 0.1551484219939366,
    "('2', 'A1')": 0.03816371681415929,
    "('2', 'A2')": 0.03950777202072539,
    "('2', 'A3')": 0.03295978905735003,
    "('2', 'A4')": 0.03805825242718447,
    "('2', 'A5')": 0.053876157971721114,
    "('2', 'A6')": 0.04097584083372809,
    "('2', 'B1')": 0.13311837862736067,
    "('2', 'B2')": 0.0876826663510688,
    "('2', 'B3')": 0.08496526404366543,
    "('2', 'B4')": 0.0624048706240487,
    "('3', '3')": 1.0,
    "('3', '4')": 0.07267919276270007,
    "('3', '5')": 0.16069221260815822,
    "('3', '6')": 0.09155979719654041,
    "('3', 'A1')": 0.04800380228136882,
    "('3', 'A2')": 0.03611738148984198,
    "('3', 'A3')": 0.08095238095238096,
    "('3', 'A4')": 0.315527950310559,
    "('3', 'A5')": 0.15425531914893617,
    "('3', 'A6')": 0.06826070188970304,
    "('3', 'B1')": 0.10518999073215941,
    "('3', 'B2')": 0.08618358084534875,
    "('3', 'B3')": 0.13026444662095985,
    "('3', 'B4')": 0.07866075030254134,
    "('4', '4')": 1.0,
    "('4', '5')": 0.35670588235294115,
    "('4', '6')": 0.4506818181818182,
    "('4', 'A1')": 0.030732425469267573,
    "('4', 'A2')": 0.017620273213225103,
    "('4', 'A3')": 0.013296161269568948,
    "('4', 'A4')": 0.014532243415077202,
    "('4', 'A5')": 0.03446033081020466,
    "('4', 'A6')": 0.02784261420473491,
    "('4', 'B1')": 0.2852045670789724,
    "('4', 'B2')": 0.32316823577568565,
    "('4', 'B3')": 0.18058384249830278,
    "('4', 'B4')": 0.023801428085685142,
    "('5', '5')": 1.0,
    "('5', '6')": 0.39395951154515974,
    "('5', 'A1')": 0.03555664541441883,
    "('5', 'A2')": 0.03650621957815035,
    "('5', 'A3')": 0.03060640732265446,
    "('5', 'A4')": 0.03594222371514948,
    "('5', 'A5')": 0.06925145674585388,
    "('5', 'A6')": 0.04498798864380869,
    "('5', 'B1')": 0.17988919939206746,
    "('5', 'B2')": 0.2831026950199585,
    "('5', 'B3')": 0.3286298296318832,
    "('5', 'B4')": 0.06649436090225563,
    "('6', '6')": 1.0,
    "('6', 'A1')": 0.013466550825369244,
    "('6', 'A2')": 0.016341352700862462,
    "('6', 'A3')": 0.011063011063011063,
    "('6', 'A4')": 0.04418938307030129,
    "('6', 'A5')": 0.03134556574923547,
    "('6', 'A6')": 0.010507173166296221,
    "('6', 'B1')": 0.18295309420792458,
    "('6', 'B2')": 0.26929933734737127,
    "('6', 'B3')": 0.16720343531937734,
    "('6', 'B4')": 0.028623629719853837,
    "('A1', 'A1')": 1.0,
    "('A1', 'A2')": 0.7442343071350509,
    "('A1', 'A3')": 0.637318342933097,
    "('A1', 'A4')": 0.3741900647948164,
    "('A1', 'A5')": 0.3443666454487588,
    "('A1', 'A6')": 0.6714743589743589,
    "('A1', 'B1')": 0.03994038748137109,
    "('A1', 'B2')": 0.04744715218048306,
    "('A1', 'B3')": 0.05725747629467542,
    "('A1', 'B4')": 0.02616776718023967,
    "('A2', 'A2')": 1.0,
    "('A2', 'A3')": 0.616504854368932,
    "('A2', 'A4')": 0.48109965635738833,
    "('A2', 'A5')": 0.3185417564076368,
    "('A2', 'A6')": 0.5217188257113736,
    "('A2', 'B1')": 0.039762611275964393,
    "('A2', 'B2')": 0.03807177376778438,
    "('A2', 'B3')": 0.049966688874083946,
    "('A2', 'B4')": 0.018459069020866775,
    "('A3', 'A3')": 1.0,
    "('A3', 'A4')": 0.5506430868167203,
    "('A3', 'A5')": 0.3125,
    "('A3', 'A6')": 0.4364915184112536,
    "('A3', 'B1')": 0.03551912568306011,
    "('A3', 'B2')": 0.03553299492385787,
    "('A3', 'B3')": 0.06556802244039271,
    "('A3', 'B4')": 0.020530367835757058,
    "('A4', 'A4')": 1.0,
    "('A4', 'A5')": 0.18518518518518517,
    "('A4', 'A6')": 0.2771134020618557,
    "('A4', 'B1')": 0.06485821142830091,
    "('A4', 'B2')": 0.08725182863113898,
    "('A4', 'B3')": 0.0926899187768753,
    "('A4', 'B4')": 0.03593692702603594,
    "('A5', 'A5')": 1.0,
    "('A5', 'A6')": 0.3746708552469027,
    "('A5', 'B1')": 0.0436950146627566,
    "('A5', 'B2')": 0.05109654080940538,
    "('A5', 'B3')": 0.06320482559664306,
    "('A5', 'B4')": 0.02947151973915964,
    "('A6', 'A6')": 1.0,
    "('A6', 'B1')": 0.03577148958889482,
    "('A6', 'B2')": 0.0596364192391123,
    "('A6', 'B3')": 0.06005622284692052,
    "('A6', 'B4')": 0.02278151442829247,
    "('B1', 'B1')": 1.0,
    "('B1', 'B2')": 0.4299862448418157,
    "('B1', 'B3')": 0.331114225648213,
    "('B1', 'B4')": 0.11099899091826437,
    "('B2', 'B2')": 1.0,
    "('B2', 'B3')": 0.2845575222018117,
    "('B2', 'B4')": 0.09012539184952978,
    "('B3', 'B3')": 1.0,
    "('B3', 'B4')": 0.13799725651577505,
    "('B4', 'B4')": 1.0
}