{
    "('celseq', 'celseq')": 0.9999997705928365,
    "('celseq', 'celseq2')": 0.7605498284101486,
    "('celseq', 'fluidigmc1')": 0.6533708870410919,
    "('celseq', 'inDrop1')": 0.651487797498703,
    "('celseq', 'inDrop2')": 0.6614224016666412,
    "('celseq', 'inDrop3')": 0.6721691191196442,
    "('celseq', 'inDrop4')": 0.6674267947673798,
    "('celseq', 'smarter')": 0.6505683958530426,
    "('celseq', 'smartseq2')": 0.7163990139961243,
    "('celseq2', 'celseq2')": 0.99999970057209,
    "('celseq2', 'fluidigmc1')": 0.6752558350563049,
    "('celseq2', 'inDrop1')": 0.6497837603092194,
    "('celseq2', 'inDrop2')": 0.6458325982093811,
    "('celseq2', 'inDrop3')": 0.6292789578437805,
    "('celseq2', 'inDrop4')": 0.6530472636222839,
    "('celseq2', 'smarter')": 0.6785709261894226,
    "('celseq2', 'smartseq2')": 0.7033126652240753,
    "('fluidigmc1', 'fluidigmc1')": 0.9999995422801078,
    "('fluidigmc1', 'inDrop1')": 0.5750509798526764,
    "('fluidigmc1', 'inDrop2')": 0.5625294148921967,
    "('fluidigmc1', 'inDrop3')": 0.5444770157337189,
    "('fluidigmc1', 'inDrop4')": 0.5756754875183105,
    "('fluidigmc1', 'smarter')": 0.6889878213405609,
    "('fluidigmc1', 'smartseq2')": 0.5936318635940552,
    "('inDrop1', 'inDrop1')": 0.9999998979365046,
    "('inDrop1', 'inDrop2')": 0.799816220998764,
    "('inDrop1', 'inDrop3')": 0.7749827951192856,
    "('inDrop1', 'inDrop4')": 0.8089086264371872,
    "('inDrop1', 'smarter')": 0.709850937128067,
    "('inDrop1', 'smartseq2')": 0.6900901198387146,
    "('inDrop2', 'inDrop2')": 0.9999999209281114,
    "('inDrop2', 'inDrop3')": 0.7608672380447388,
    "('inDrop2', 'inDrop4')": 0.8480459749698639,
    "('inDrop2', 'smarter')": 0.7083300650119781,
    "('inDrop2', 'smartseq2')": 0.718835860490799,
    "('inDrop3', 'inDrop3')": 0.9999999602010661,
    "('inDrop3', 'inDrop4')": 0.7437638938426971,
    "('inDrop3', 'smarter')": 0.6558387875556946,
    "('inDrop3', 'smartseq2')": 0.6587353944778442,
    "('inDrop4', 'inDrop4')": 0.9999998429524766,
    "('inDrop4', 'smarter')": 0.7177640795707703,
    "('inDrop4', 'smartseq2')": 0.7152457535266876,
    "('smarter', 'smarter')": 0.9999998666314696,
    "('smarter', 'smartseq2')": 0.5743807852268219,
    "('smartseq2', 'smartseq2')": 0.9999999026087352
}