{
    "('celseq', 'celseq')": 0.9999927302198364,
    "('celseq', 'celseq2')": 0.3026003645402249,
    "('celseq', 'fluidigmc1')": 0.2424500312950603,
    "('celseq', 'inDrop1')": 0.1892094607510259,
    "('celseq', 'inDrop2')": 0.24551722718190544,
    "('celseq', 'inDrop3')": 0.17265954608725442,
    "('celseq', 'inDrop4')": 0.29795900635837297,
    "('celseq', 'smarter')": 0.12783476879634592,
    "('celseq', 'smartseq2')": 0.27670376193797674,
    "('celseq2', 'celseq2')": 0.9999979397181176,
    "('celseq2', 'fluidigmc1')": 0.16384881691826297,
    "('celseq2', 'inDrop1')": 0.2588359650812651,
    "('celseq2', 'inDrop2')": 0.40623906292830086,
    "('celseq2', 'inDrop3')": 0.321903284382238,
    "('celseq2', 'inDrop4')": 0.3045704078001932,
    "('celseq2', 'smarter')": 0.37420564433065445,
    "('celseq2', 'smartseq2')": 0.45599884670173463,
    "('fluidigmc1', 'fluidigmc1')": 0.9999981835102115,
    "('fluidigmc1', 'inDrop1')": 0.1696871006304456,
    "('fluidigmc1', 'inDrop2')": 0.18126765490604735,
    "('fluidigmc1', 'inDrop3')": 0.08685203475878159,
    "('fluidigmc1', 'inDrop4')": 0.23559354842825328,
    "('fluidigmc1', 'smarter')": 0.22065943224625018,
    "('fluidigmc1', 'smartseq2')": 0.1468004163449438,
    "('inDrop1', 'inDrop1')": 0.9999954605462251,
    "('inDrop1', 'inDrop2')": 0.3050899128260033,
    "('inDrop1', 'inDrop3')": 0.33065072375232474,
    "('inDrop1', 'inDrop4')": 0.38719597912956816,
    "('inDrop1', 'smarter')": 0.1996602075178746,
    "('inDrop1', 'smartseq2')": 0.20691486871118117,
    "('inDrop2', 'inDrop2')": 0.9999951320144543,
    "('inDrop2', 'inDrop3')": 0.3245474785891594,
    "('inDrop2', 'inDrop4')": 0.5098624802335645,
    "('inDrop2', 'smarter')": 0.35416972357459386,
    "('inDrop2', 'smartseq2')": 0.411376234615734,
    "('inDrop3', 'inDrop3')": 0.9999977082387214,
    "('inDrop3', 'inDrop4')": 0.2565535189345938,
    "('inDrop3', 'smarter')": 0.24000712378500066,
    "('inDrop3', 'smartseq2')": 0.33475233158949036,
    "('inDrop4', 'inDrop4')": 0.999992623867157,
    "('inDrop4', 'smarter')": 0.2824655952667658,
    "('inDrop4', 'smartseq2')": 0.2803328877491462,
    "('smarter', 'smarter')": 0.9999995259498725,
    "('smarter', 'smartseq2')": 0.3162589860298002,
    "('smartseq2', 'smartseq2')": 0.999999132613999
}