{
    "('celseq', 'celseq')": 1.0,
    "('celseq', 'celseq2')": 0.9203187250996016,
    "('celseq', 'fluidigmc1')": 0.6363636363636364,
    "('celseq', 'inDrop1')": 0.6802788844621513,
    "('celseq', 'inDrop2')": 0.7888446215139442,
    "('celseq', 'inDrop3')": 0.702191235059761,
    "('celseq', 'inDrop4')": 0.8047808764940239,
    "('celseq', 'smarter')": 0.5878016085790885,
    "('celseq', 'smartseq2')": 0.8286852589641435,
    "('celseq2', 'celseq2')": 1.0,
    "('celseq2', 'fluidigmc1')": 0.6238244514106583,
    "('celseq2', 'inDrop1')": 0.5575632421270005,
    "('celseq2', 'inDrop2')": 0.6165893271461717,
    "('celseq2', 'inDrop3')": 0.388626907073509,
    "('celseq2', 'inDrop4')": 0.6400613967766692,
    "('celseq2', 'smarter')": 0.6943699731903485,
    "('celseq2', 'smartseq2')": 0.6949671772428884,
    "('fluidigmc1', 'fluidigmc1')": 1.0,
    "('fluidigmc1', 'inDrop1')": 0.6144200626959248,
    "('fluidigmc1', 'inDrop2')": 0.6347962382445141,
    "('fluidigmc1', 'inDrop3')": 0.6206896551724138,
    "('fluidigmc1', 'inDrop4')": 0.6551724137931034,
    "('fluidigmc1', 'smarter')": 0.7191689008042895,
    "('fluidigmc1', 'smartseq2')": 0.658307210031348,
    "('inDrop1', 'inDrop1')": 1.0,
    "('inDrop1', 'inDrop2')": 0.7862674238513164,
    "('inDrop1', 'inDrop3')": 0.876097057305111,
    "('inDrop1', 'inDrop4')": 0.7996930161166539,
    "('inDrop1', 'smarter')": 0.42761394101876676,
    "('inDrop1', 'smartseq2')": 0.623128549303046,
    "('inDrop2', 'inDrop2')": 1.0,
    "('inDrop2', 'inDrop3')": 0.7349187935034803,
    "('inDrop2', 'inDrop4')": 0.8706496519721578,
    "('inDrop2', 'smarter')": 0.4691689008042895,
    "('inDrop2', 'smartseq2')": 0.7041763341067285,
    "('inDrop3', 'inDrop3')": 1.0,
    "('inDrop3', 'inDrop4')": 0.7912509593246354,
    "('inDrop3', 'smarter')": 0.2975871313672922,
    "('inDrop3', 'smartseq2')": 0.4097087378640777,
    "('inDrop4', 'inDrop4')": 1.0,
    "('inDrop4', 'smarter')": 0.5375335120643432,
    "('inDrop4', 'smartseq2')": 0.7083653108211819,
    "('smarter', 'smarter')": 1.0,
    "('smarter', 'smartseq2')": 0.6306970509383378,
    "('smartseq2', 'smartseq2')": 1.0
}