{
    "('celseq', 'celseq')": 1.0,
    "('celseq', 'celseq2')": 0.9133466135458167,
    "('celseq', 'fluidigmc1')": 0.6112852664576802,
    "('celseq', 'inDrop1')": 0.6623505976095617,
    "('celseq', 'inDrop2')": 0.7778884462151394,
    "('celseq', 'inDrop3')": 0.6992031872509961,
    "('celseq', 'inDrop4')": 0.7938247011952191,
    "('celseq', 'smarter')": 0.5703753351206434,
    "('celseq', 'smartseq2')": 0.8416334661354582,
    "('celseq2', 'celseq2')": 1.0,
    "('celseq2', 'fluidigmc1')": 0.6347962382445141,
    "('celseq2', 'inDrop1')": 0.586473928755808,
    "('celseq2', 'inDrop2')": 0.6148491879350348,
    "('celseq2', 'inDrop3')": 0.39611650485436894,
    "('celseq2', 'inDrop4')": 0.6838066001534919,
    "('celseq2', 'smarter')": 0.67828418230563,
    "('celseq2', 'smartseq2')": 0.7155361050328227,
    "('fluidigmc1', 'fluidigmc1')": 1.0,
    "('fluidigmc1', 'inDrop1')": 0.6473354231974922,
    "('fluidigmc1', 'inDrop2')": 0.6504702194357367,
    "('fluidigmc1', 'inDrop3')": 0.567398119122257,
    "('fluidigmc1', 'inDrop4')": 0.6849529780564263,
    "('fluidigmc1', 'smarter')": 0.7024128686327078,
    "('fluidigmc1', 'smartseq2')": 0.6379310344827587,
    "('inDrop1', 'inDrop1')": 1.0,
    "('inDrop1', 'inDrop2')": 0.7759421786267424,
    "('inDrop1', 'inDrop3')": 0.8802271553949407,
    "('inDrop1', 'inDrop4')": 0.8089025326170376,
    "('inDrop1', 'smarter')": 0.4128686327077748,
    "('inDrop1', 'smartseq2')": 0.6375838926174496,
    "('inDrop2', 'inDrop2')": 1.0,
    "('inDrop2', 'inDrop3')": 0.7523201856148491,
    "('inDrop2', 'inDrop4')": 0.8654292343387471,
    "('inDrop2', 'smarter')": 0.4819034852546917,
    "('inDrop2', 'smartseq2')": 0.7006960556844548,
    "('inDrop3', 'inDrop3')": 1.0,
    "('inDrop3', 'inDrop4')": 0.7889485801995395,
    "('inDrop3', 'smarter')": 0.3646112600536193,
    "('inDrop3', 'smartseq2')": 0.3852981969486824,
    "('inDrop4', 'inDrop4')": 1.0,
    "('inDrop4', 'smarter')": 0.49195710455764075,
    "('inDrop4', 'smartseq2')": 0.7137375287797391,
    "('smarter', 'smarter')": 1.0,
    "('smarter', 'smartseq2')": 0.5817694369973191,
    "('smartseq2', 'smartseq2')": 1.0
}