{
    "('celseq', 'celseq')": 1.0,
    "('celseq', 'celseq2')": 0.37702559395717183,
    "('celseq', 'fluidigmc1')": 0.31443298969072164,
    "('celseq', 'inDrop1')": 0.27276746242263483,
    "('celseq', 'inDrop2')": 0.34401579375217745,
    "('celseq', 'inDrop3')": 0.21485525422728483,
    "('celseq', 'inDrop4')": 0.418789487573542,
    "('celseq', 'smarter')": 0.15359653346172364,
    "('celseq', 'smartseq2')": 0.34264585045193097,
    "('celseq2', 'celseq2')": 1.0,
    "('celseq2', 'fluidigmc1')": 0.21347331583552057,
    "('celseq2', 'inDrop1')": 0.3313858757523383,
    "('celseq2', 'inDrop2')": 0.4448275862068966,
    "('celseq2', 'inDrop3')": 0.28505729618836667,
    "('celseq2', 'inDrop4')": 0.3818635892427241,
    "('celseq2', 'smarter')": 0.46599216467337257,
    "('celseq2', 'smartseq2')": 0.4879737609329446,
    "('fluidigmc1', 'fluidigmc1')": 1.0,
    "('fluidigmc1', 'inDrop1')": 0.2115170599145926,
    "('fluidigmc1', 'inDrop2')": 0.23081410282198792,
    "('fluidigmc1', 'inDrop3')": 0.1199778331947908,
    "('fluidigmc1', 'inDrop4')": 0.3183256844437411,
    "('fluidigmc1', 'smarter')": 0.2742138364779874,
    "('fluidigmc1', 'smartseq2')": 0.18481435127242388,
    "('inDrop1', 'inDrop1')": 1.0,
    "('inDrop1', 'inDrop2')": 0.3626336186704144,
    "('inDrop1', 'inDrop3')": 0.39810262733438656,
    "('inDrop1', 'inDrop4')": 0.4377729471252091,
    "('inDrop1', 'smarter')": 0.20737441786860786,
    "('inDrop1', 'smartseq2')": 0.23760540473993746,
    "('inDrop2', 'inDrop2')": 1.0,
    "('inDrop2', 'inDrop3')": 0.3593451568894952,
    "('inDrop2', 'inDrop4')": 0.6076839826839827,
    "('inDrop2', 'smarter')": 0.2949093812897999,
    "('inDrop2', 'smartseq2')": 0.4076423791345106,
    "('inDrop3', 'inDrop3')": 1.0,
    "('inDrop3', 'inDrop4')": 0.299284140969163,
    "('inDrop3', 'smarter')": 0.16119321291735084,
    "('inDrop3', 'smartseq2')": 0.28629260777238924,
    "('inDrop4', 'inDrop4')": 1.0,
    "('inDrop4', 'smarter')": 0.29312250068683415,
    "('inDrop4', 'smartseq2')": 0.3285176718832425,
    "('smarter', 'smarter')": 1.0,
    "('smarter', 'smartseq2')": 0.3395263778640622,
    "('smartseq2', 'smartseq2')": 1.0
}