{
    "('celseq', 'celseq')": 1.0,
    "('celseq', 'celseq2')": 0.3747651148224175,
    "('celseq', 'fluidigmc1')": 0.3215466793196164,
    "('celseq', 'inDrop1')": 0.2696728558797524,
    "('celseq', 'inDrop2')": 0.3346835443037975,
    "('celseq', 'inDrop3')": 0.2156512822026146,
    "('celseq', 'inDrop4')": 0.41890768246136817,
    "('celseq', 'smarter')": 0.15569045473861307,
    "('celseq', 'smartseq2')": 0.3319638455217749,
    "('celseq2', 'celseq2')": 1.0,
    "('celseq2', 'fluidigmc1')": 0.21478565179352582,
    "('celseq2', 'inDrop1')": 0.3208279798785311,
    "('celseq2', 'inDrop2')": 0.44634799002615094,
    "('celseq2', 'inDrop3')": 0.2793745424443426,
    "('celseq2', 'inDrop4')": 0.38549618320610685,
    "('celseq2', 'smarter')": 0.4533416441067064,
    "('celseq2', 'smartseq2')": 0.4785730246217361,
    "('fluidigmc1', 'fluidigmc1')": 1.0,
    "('fluidigmc1', 'inDrop1')": 0.22131734460596125,
    "('fluidigmc1', 'inDrop2')": 0.22315336029782665,
    "('fluidigmc1', 'inDrop3')": 0.11084740499450232,
    "('fluidigmc1', 'inDrop4')": 0.30337078651685395,
    "('fluidigmc1', 'smarter')": 0.2704429165334186,
    "('fluidigmc1', 'smartseq2')": 0.1998331247392574,
    "('inDrop1', 'inDrop1')": 1.0,
    "('inDrop1', 'inDrop2')": 0.36455006175205484,
    "('inDrop1', 'inDrop3')": 0.39660796064040155,
    "('inDrop1', 'inDrop4')": 0.43620816251596983,
    "('inDrop1', 'smarter')": 0.18777411041280465,
    "('inDrop1', 'smartseq2')": 0.23377980093401624,
    "('inDrop2', 'inDrop2')": 1.0,
    "('inDrop2', 'inDrop3')": 0.3683492496589359,
    "('inDrop2', 'inDrop4')": 0.6012305595638929,
    "('inDrop2', 'smarter')": 0.316213908399316,
    "('inDrop2', 'smartseq2')": 0.4023010029436659,
    "('inDrop3', 'inDrop3')": 1.0,
    "('inDrop3', 'inDrop4')": 0.2970814977973568,
    "('inDrop3', 'smarter')": 0.17569786535303777,
    "('inDrop3', 'smartseq2')": 0.2971783660514969,
    "('inDrop4', 'inDrop4')": 1.0,
    "('inDrop4', 'smarter')": 0.3240880368753625,
    "('inDrop4', 'smartseq2')": 0.33965183752417794,
    "('smarter', 'smarter')": 1.0,
    "('smarter', 'smartseq2')": 0.3232431322139913,
    "('smartseq2', 'smartseq2')": 1.0
}