{
    "('celseq', 'celseq')": 1.0,
    "('celseq', 'celseq2')": 0.37886746584474945,
    "('celseq', 'fluidigmc1')": 0.31529209621993126,
    "('celseq', 'inDrop1')": 0.2655311034183039,
    "('celseq', 'inDrop2')": 0.3493438625014516,
    "('celseq', 'inDrop3')": 0.22052704576976423,
    "('celseq', 'inDrop4')": 0.4126305903537776,
    "('celseq', 'smarter')": 0.15358690418873375,
    "('celseq', 'smartseq2')": 0.3299096138044371,
    "('celseq2', 'celseq2')": 1.0,
    "('celseq2', 'fluidigmc1')": 0.2069116360454943,
    "('celseq2', 'inDrop1')": 0.3304432833465266,
    "('celseq2', 'inDrop2')": 0.45326278659611996,
    "('celseq2', 'inDrop3')": 0.28425122295002153,
    "('celseq2', 'inDrop4')": 0.365084260758561,
    "('celseq2', 'smarter')": 0.4372080963715038,
    "('celseq2', 'smartseq2')": 0.4811513273280396,
    "('fluidigmc1', 'fluidigmc1')": 1.0,
    "('fluidigmc1', 'inDrop1')": 0.2239011344519691,
    "('fluidigmc1', 'inDrop2')": 0.23536165327210104,
    "('fluidigmc1', 'inDrop3')": 0.11831532280410086,
    "('fluidigmc1', 'inDrop4')": 0.3235955056179775,
    "('fluidigmc1', 'smarter')": 0.26683125658871026,
    "('fluidigmc1', 'smartseq2')": 0.18856904463913224,
    "('inDrop1', 'inDrop1')": 1.0,
    "('inDrop1', 'inDrop2')": 0.36493533118810556,
    "('inDrop1', 'inDrop3')": 0.40188537802166097,
    "('inDrop1', 'inDrop4')": 0.43415778236820113,
    "('inDrop1', 'smarter')": 0.2015418004250124,
    "('inDrop1', 'smartseq2')": 0.23884810809234885,
    "('inDrop2', 'inDrop2')": 1.0,
    "('inDrop2', 'inDrop3')": 0.37080491132332877,
    "('inDrop2', 'inDrop4')": 0.6035887980332425,
    "('inDrop2', 'smarter')": 0.3060328824896296,
    "('inDrop2', 'smartseq2')": 0.4168919981723805,
    "('inDrop3', 'inDrop3')": 1.0,
    "('inDrop3', 'inDrop4')": 0.29625550660792954,
    "('inDrop3', 'smarter')": 0.1776135741652983,
    "('inDrop3', 'smartseq2')": 0.2887337661318962,
    "('inDrop4', 'inDrop4')": 1.0,
    "('inDrop4', 'smarter')": 0.3014072468634573,
    "('inDrop4', 'smartseq2')": 0.3292069632495164,
    "('smarter', 'smarter')": 1.0,
    "('smarter', 'smartseq2')": 0.33304952226978174,
    "('smartseq2', 'smartseq2')": 1.0
}