{
    "('celseq', 'celseq')": 1.0,
    "('celseq', 'celseq2')": 0.3792922746807732,
    "('celseq', 'fluidigmc1')": 0.31099656357388317,
    "('celseq', 'inDrop1')": 0.2692307692307692,
    "('celseq', 'inDrop2')": 0.3385437231448148,
    "('celseq', 'inDrop3')": 0.22445554342373183,
    "('celseq', 'inDrop4')": 0.41380454524286314,
    "('celseq', 'smarter')": 0.15406836783822822,
    "('celseq', 'smartseq2')": 0.33032046014790467,
    "('celseq2', 'celseq2')": 1.0,
    "('celseq2', 'fluidigmc1')": 0.22178477690288714,
    "('celseq2', 'inDrop1')": 0.31766245150536226,
    "('celseq2', 'inDrop2')": 0.4641610411725354,
    "('celseq2', 'inDrop3')": 0.28895844357314804,
    "('celseq2', 'inDrop4')": 0.36747029240667917,
    "('celseq2', 'smarter')": 0.4574370719466356,
    "('celseq2', 'smartseq2')": 0.47289171916496564,
    "('fluidigmc1', 'fluidigmc1')": 1.0,
    "('fluidigmc1', 'inDrop1')": 0.22216494845360824,
    "('fluidigmc1', 'inDrop2')": 0.22270463977025506,
    "('fluidigmc1', 'inDrop3')": 0.11166528124134109,
    "('fluidigmc1', 'inDrop4')": 0.3197051221184787,
    "('fluidigmc1', 'smarter')": 0.26391909178126,
    "('fluidigmc1', 'smartseq2')": 0.19440967876512308,
    "('inDrop1', 'inDrop1')": 1.0,
    "('inDrop1', 'inDrop2')": 0.36757378305864313,
    "('inDrop1', 'inDrop3')": 0.39628893798940273,
    "('inDrop1', 'inDrop4')": 0.4319173553158609,
    "('inDrop1', 'smarter')": 0.1891531401184609,
    "('inDrop1', 'smartseq2')": 0.2348322495673068,
    "('inDrop2', 'inDrop2')": 1.0,
    "('inDrop2', 'inDrop3')": 0.3678035470668486,
    "('inDrop2', 'inDrop4')": 0.6076839826839827,
    "('inDrop2', 'smarter')": 0.3381834721956006,
    "('inDrop2', 'smartseq2')": 0.4425236129940752,
    "('inDrop3', 'inDrop3')": 1.0,
    "('inDrop3', 'inDrop4')": 0.29845814977973567,
    "('inDrop3', 'smarter')": 0.14693580480286872,
    "('inDrop3', 'smartseq2')": 0.29301486462841314,
    "('inDrop4', 'inDrop4')": 1.0,
    "('inDrop4', 'smarter')": 0.3047712079123294,
    "('inDrop4', 'smartseq2')": 0.32855987339546333,
    "('smarter', 'smarter')": 1.0,
    "('smarter', 'smartseq2')": 0.3345602364135116,
    "('smartseq2', 'smartseq2')": 1.0
}