{
    "('celseq', 'celseq')": 1.0,
    "('celseq', 'celseq2')": 0.397196261682243,
    "('celseq', 'fluidigmc1')": 0.4106529209621993,
    "('celseq', 'inDrop1')": 0.3001768346595933,
    "('celseq', 'inDrop2')": 0.38126582278481014,
    "('celseq', 'inDrop3')": 0.278502080443828,
    "('celseq', 'inDrop4')": 0.46383248730964466,
    "('celseq', 'smarter')": 0.20173326913818007,
    "('celseq', 'smartseq2')": 0.39605587510271156,
    "('celseq2', 'celseq2')": 1.0,
    "('celseq2', 'fluidigmc1')": 0.2786526684164479,
    "('celseq2', 'inDrop1')": 0.4429254955570745,
    "('celseq2', 'inDrop2')": 0.7066836951894423,
    "('celseq2', 'inDrop3')": 0.5803595385028173,
    "('celseq2', 'inDrop4')": 0.5216284987277354,
    "('celseq2', 'smarter')": 0.6038216560509554,
    "('celseq2', 'smartseq2')": 0.7051749271137027,
    "('fluidigmc1', 'fluidigmc1')": 1.0,
    "('fluidigmc1', 'inDrop1')": 0.327319587628866,
    "('fluidigmc1', 'inDrop2')": 0.3559127439724455,
    "('fluidigmc1', 'inDrop3')": 0.17567193128290384,
    "('fluidigmc1', 'inDrop4')": 0.45393258426966293,
    "('fluidigmc1', 'smarter')": 0.33962264150943394,
    "('fluidigmc1', 'smartseq2')": 0.2649144764288694,
    "('inDrop1', 'inDrop1')": 1.0,
    "('inDrop1', 'inDrop2')": 0.40321962437715597,
    "('inDrop1', 'inDrop3')": 0.4324114758335487,
    "('inDrop1', 'inDrop4')": 0.5097856477166822,
    "('inDrop1', 'smarter')": 0.3178324365872406,
    "('inDrop1', 'smartseq2')": 0.32934315531000613,
    "('inDrop2', 'inDrop2')": 1.0,
    "('inDrop2', 'inDrop3')": 0.4540245566166439,
    "('inDrop2', 'inDrop4')": 0.637987012987013,
    "('inDrop2', 'smarter')": 0.5803439803439804,
    "('inDrop2', 'smartseq2')": 0.6347757046447002,
    "('inDrop3', 'inDrop3')": 1.0,
    "('inDrop3', 'inDrop4')": 0.3513215859030837,
    "('inDrop3', 'smarter')": 0.3949096880131363,
    "('inDrop3', 'smartseq2')": 0.5553539019963702,
    "('inDrop4', 'inDrop4')": 1.0,
    "('inDrop4', 'smarter')": 0.4504411001556824,
    "('inDrop4', 'smartseq2')": 0.430174081237911,
    "('smarter', 'smarter')": 1.0,
    "('smarter', 'smartseq2')": 0.5191555903049258,
    "('smartseq2', 'smartseq2')": 1.0
}