{
    "('1', '1')": 1.0,
    "('1', '2')": 0.377766599597586,
    "('1', '3')": 0.451327433628319,
    "('1', '4')": 0.197183098591549,
    "('1', '5')": 0.322824716267339,
    "('1', '6')": 0.22669557138433,
    "('1', 'A1')": 0.417344173441734,
    "('1', 'A2')": 0.539889958734525,
    "('1', 'A3')": 0.648450244698206,
    "('1', 'A4')": 0.730088495575221,
    "('1', 'A5')": 0.324189526184539,
    "('1', 'A6')": 0.318257261410788,
    "('1', 'B1')": 0.361214953271028,
    "('1', 'B2')": 0.235972095844707,
    "('1', 'B3')": 0.416012558869702,
    "('1', 'B4')": 0.34339141521462,
    "('2', '2')": 1.0,
    "('2', '3')": 0.212273641851107,
    "('2', '4')": 0.41987775710869,
    "('2', '5')": 0.785211267605634,
    "('2', '6')": 0.953219315895372,
    "('2', 'A1')": 0.85420054200542,
    "('2', 'A2')": 0.630281690140845,
    "('2', 'A3')": 0.572937625754527,
    "('2', 'A4')": 0.343058350100604,
    "('2', 'A5')": 0.837525150905433,
    "('2', 'A6')": 0.899396378269618,
    "('2', 'B1')": 0.722334004024145,
    "('2', 'B2')": 0.489232635729451,
    "('2', 'B3')": 0.800104657247514,
    "('2', 'B4')": 0.794265593561368,
    "('3', '3')": 1.0,
    "('3', '4')": 0.117725219239968,
    "('3', '5')": 0.187894073139975,
    "('3', '6')": 0.131000309693404,
    "('3', 'A1')": 0.233062330623306,
    "('3', 'A2')": 0.296423658872077,
    "('3', 'A3')": 0.360522022838499,
    "('3', 'A4')": 0.602836879432624,
    "('3', 'A5')": 0.179966749792186,
    "('3', 'A6')": 0.179668049792531,
    "('3', 'B1')": 0.206542056074766,
    "('3', 'B2')": 0.13436457385502,
    "('3', 'B3')": 0.234432234432234,
    "('3', 'B4')": 0.19209519762006,
    "('4', '4')": 1.0,
    "('4', '5')": 0.958385876418663,
    "('4', '6')": 0.823165066584082,
    "('4', 'A1')": 0.453095934095137,
    "('4', 'A2')": 0.363805474355567,
    "('4', 'A3')": 0.319160244485783,
    "('4', 'A4')": 0.186287536539995,
    "('4', 'A5')": 0.543183630082381,
    "('4', 'A6')": 0.563911772521924,
    "('4', 'B1')": 0.433962264150943,
    "('4', 'B2')": 0.754625417045799,
    "('4', 'B3')": 0.373372309327664,
    "('4', 'B4')": 0.5110284347595,
    "('5', '5')": 1.0,
    "('5', '6')": 0.838167297183691,
    "('5', 'A1')": 0.891056910569106,
    "('5', 'A2')": 0.519966372425389,
    "('5', 'A3')": 0.490962589323245,
    "('5', 'A4')": 0.289197141656158,
    "('5', 'A5')": 0.701975620008407,
    "('5', 'A6')": 0.778058007566204,
    "('5', 'B1')": 0.742523364485981,
    "('5', 'B2')": 0.834384195039933,
    "('5', 'B3')": 0.796441653584511,
    "('5', 'B4')": 0.697832554186145,
    "('6', '6')": 1.0,
    "('6', 'A1')": 0.530195106844224,
    "('6', 'A2')": 0.425209043047383,
    "('6', 'A3')": 0.366367296376587,
    "('6', 'A4')": 0.213998141839579,
    "('6', 'A5')": 0.624032208113967,
    "('6', 'A6')": 0.648497986992877,
    "('6', 'B1')": 0.973364485981308,
    "('6', 'B2')": 0.691537761601456,
    "('6', 'B3')": 0.41746670795912,
    "('6', 'B4')": 0.975350616234594,
    "('A1', 'A1')": 1.0,
    "('A1', 'A2')": 0.738753387533875,
    "('A1', 'A3')": 0.635230352303523,
    "('A1', 'A4')": 0.378319783197832,
    "('A1', 'A5')": 0.711970074812968,
    "('A1', 'A6')": 0.701659751037344,
    "('A1', 'B1')": 0.855826558265583,
    "('A1', 'B2')": 0.500758265089475,
    "('A1', 'B3')": 0.822605965463108,
    "('A1', 'B4')": 0.739906502337442,
    "('A2', 'A2')": 1.0,
    "('A2', 'A3')": 0.775103163686382,
    "('A2', 'A4')": 0.475928473177442,
    "('A2', 'A5')": 0.56525353283458,
    "('A2', 'A6')": 0.565145228215768,
    "('A2', 'B1')": 0.589252336448598,
    "('A2', 'B2')": 0.393994540491356,
    "('A2', 'B3')": 0.939477303988996,
    "('A2', 'B4')": 0.592860178495538,
    "('A3', 'A3')": 1.0,
    "('A3', 'A4')": 0.558727569331158,
    "('A3', 'A5')": 0.49833748960931,
    "('A3', 'A6')": 0.486721991701245,
    "('A3', 'B1')": 0.548130841121495,
    "('A3', 'B2')": 0.355777979981802,
    "('A3', 'B3')": 0.608058608058608,
    "('A3', 'B4')": 0.507862303442414,
    "('A4', 'A4')": 1.0,
    "('A4', 'A5')": 0.288861180382377,
    "('A4', 'A6')": 0.287136929460581,
    "('A4', 'B1')": 0.320560747663551,
    "('A4', 'B2')": 0.211404306945708,
    "('A4', 'B3')": 0.362114076399791,
    "('A4', 'B4')": 0.29876753081173,
    "('A5', 'A5')": 1.0,
    "('A5', 'A6')": 0.85453034081463,
    "('A5', 'B1')": 0.820093457943925,
    "('A5', 'B2')": 0.899002493765586,
    "('A5', 'B3')": 0.921507064364207,
    "('A5', 'B4')": 0.865703357416065,
    "('A6', 'A6')": 1.0,
    "('A6', 'B1')": 0.85607476635514,
    "('A6', 'B2')": 0.946473029045643,
    "('A6', 'B3')": 0.952380952380952,
    "('A6', 'B4')": 0.872078198045049,
    "('B1', 'B1')": 1.0,
    "('B1', 'B2')": 0.966822429906542,
    "('B1', 'B3')": 0.792778649921507,
    "('B1', 'B4')": 0.788317757009346,
    "('B2', 'B2')": 1.0,
    "('B2', 'B3')": 0.429481346678799,
    "('B2', 'B4')": 0.95537611559711,
    "('B3', 'B3')": 1.0,
    "('B3', 'B4')": 0.843537414965986,
    "('B4', 'B4')": 1.0
}