{
    "('1', '1')": 1.0,
    "('1', '2')": 0.0483252084826474,
    "('1', '3')": 0.042071144806061965,
    "('1', '4')": 0.008452375069418344,
    "('1', '5')": 0.06718902380809458,
    "('1', '6')": 0.0029229124277132595,
    "('1', 'A1')": 0.015923652926165755,
    "('1', 'A2')": 0.04335544199509684,
    "('1', 'A3')": 0.012463504177790135,
    "('1', 'A4')": 0.3079182235551663,
    "('1', 'A5')": 0.19536332076666207,
    "('1', 'A6')": 0.05369250499154022,
    "('1', 'B1')": 0.08662439186750757,
    "('1', 'B2')": 0.07461540129023911,
    "('1', 'B3')": 0.18175344989902878,
    "('1', 'B4')": 0.07199398067416837,
    "('2', '2')": 1.0,
    "('2', '3')": 0.1079198260352479,
    "('2', '4')": 0.032947815817661374,
    "('2', '5')": 0.1329009093911503,
    "('2', '6')": 0.05319099752412511,
    "('2', 'A1')": 0.013304111432806014,
    "('2', 'A2')": 0.008023489949729273,
    "('2', 'A3')": 0.009041700441354232,
    "('2', 'A4')": 0.09799188354674447,
    "('2', 'A5')": 0.030182271434989486,
    "('2', 'A6')": 0.007476813255502787,
    "('2', 'B1')": 0.13452383648619284,
    "('2', 'B2')": 0.10985317569807433,
    "('2', 'B3')": 0.18676123925534097,
    "('2', 'B4')": 0.031446261023584304,
    "('3', '3')": 1.0,
    "('3', '4')": 0.02518569245281071,
    "('3', '5')": 0.06938644150964868,
    "('3', '6')": 0.019770829063182994,
    "('3', 'A1')": 0.03912956838265109,
    "('3', 'A2')": 0.06857798469426943,
    "('3', 'A3')": 0.04649817838121781,
    "('3', 'A4')": 0.050103519668737044,
    "('3', 'A5')": 0.09666367559854677,
    "('3', 'A6')": 0.055659583241236855,
    "('3', 'B1')": 0.04071028536788961,
    "('3', 'B2')": 0.05085523035527222,
    "('3', 'B3')": 0.05152928819321571,
    "('3', 'B4')": 0.025317426151910297,
    "('4', '4')": 1.0,
    "('4', '5')": 0.24718224028710686,
    "('4', '6')": 0.4026639241684338,
    "('4', 'A1')": 0.0479652056158988,
    "('4', 'A2')": 0.006208408597226178,
    "('4', 'A3')": 0.005186500121794392,
    "('4', 'A4')": 0.008999784463157282,
    "('4', 'A5')": 0.01941141401344957,
    "('4', 'A6')": 0.031142225857560126,
    "('4', 'B1')": 0.182510309627756,
    "('4', 'B2')": 0.26599048577296025,
    "('4', 'B3')": 0.16066899276151098,
    "('4', 'B4')": 0.018230578511932886,
    "('5', '5')": 1.0,
    "('5', '6')": 0.27962712199476303,
    "('5', 'A1')": 0.006915691400373481,
    "('5', 'A2')": 0.004550082021824251,
    "('5', 'A3')": 0.005823004918055688,
    "('5', 'A4')": 0.009414432357740036,
    "('5', 'A5')": 0.040071106783588925,
    "('5', 'A6')": 0.022275255433194665,
    "('5', 'B1')": 0.30830131480354,
    "('5', 'B2')": 0.4221298710792816,
    "('5', 'B3')": 0.46241310709007527,
    "('5', 'B4')": 0.043669994472053414,
    "('6', '6')": 1.0,
    "('6', 'A1')": 0.003357698473484272,
    "('6', 'A2')": 0.07271334283501449,
    "('6', 'A3')": 0.005884570053822679,
    "('6', 'A4')": 0.0157980388397285,
    "('6', 'A5')": 0.06898013940202613,
    "('6', 'A6')": 0.09533467730395721,
    "('6', 'B1')": 0.3041844170991414,
    "('6', 'B2')": 0.5123822324559393,
    "('6', 'B3')": 0.16725625434776764,
    "('6', 'B4')": 0.004839201285372845,
    "('A1', 'A1')": 1.0,
    "('A1', 'A2')": 0.6253068279990586,
    "('A1', 'A3')": 0.4792279552120618,
    "('A1', 'A4')": 0.1518176984286251,
    "('A1', 'A5')": 0.19819866535712408,
    "('A1', 'A6')": 0.514775347948374,
    "('A1', 'B1')": 0.17859171231392754,
    "('A1', 'B2')": 0.14045267103029055,
    "('A1', 'B3')": 0.037167135873582224,
    "('A1', 'B4')": 0.005662934225117845,
    "('A2', 'A2')": 1.0,
    "('A2', 'A3')": 0.4123588964221185,
    "('A2', 'A4')": 0.24312829417687995,
    "('A2', 'A5')": 0.19007742966145214,
    "('A2', 'A6')": 0.37784834063202594,
    "('A2', 'B1')": 0.24402904350476512,
    "('A2', 'B2')": 0.08343883057298522,
    "('A2', 'B3')": 0.047672770669540045,
    "('A2', 'B4')": 0.14019838248283498,
    "('A3', 'A3')": 1.0,
    "('A3', 'A4')": 0.35075153477392695,
    "('A3', 'A5')": 0.22862606005842917,
    "('A3', 'A6')": 0.28890738102070374,
    "('A3', 'B1')": 0.25520783486279947,
    "('A3', 'B2')": 0.14643875522841296,
    "('A3', 'B3')": 0.14217757197751124,
    "('A3', 'B4')": 0.004905435838854715,
    "('A4', 'A4')": 1.0,
    "('A4', 'A5')": 0.05728870912691052,
    "('A4', 'A6')": 0.09837616756236212,
    "('A4', 'B1')": 0.1348318908125119,
    "('A4', 'B2')": 0.06966953575027714,
    "('A4', 'B3')": 0.23619932978111233,
    "('A4', 'B4')": 0.05645046330849972,
    "('A5', 'A5')": 1.0,
    "('A5', 'A6')": 0.19940288313600835,
    "('A5', 'B1')": 0.1408372580973684,
    "('A5', 'B2')": 0.11797398559830069,
    "('A5', 'B3')": 0.10601517091752936,
    "('A5', 'B4')": 0.033750203794790386,
    "('A6', 'A6')": 1.0,
    "('A6', 'B1')": 0.14457964311464824,
    "('A6', 'B2')": 0.28245934609100065,
    "('A6', 'B3')": 0.06814542260322956,
    "('A6', 'B4')": 0.0994985743106015,
    "('B1', 'B1')": 1.0,
    "('B1', 'B2')": 0.2880339317633844,
    "('B1', 'B3')": 0.2519048377076165,
    "('B1', 'B4')": 0.05353621506546289,
    "('B2', 'B2')": 1.0,
    "('B2', 'B3')": 0.307184530475382,
    "('B2', 'B4')": 0.04294843514370413,
    "('B3', 'B3')": 1.0,
    "('B3', 'B4')": 0.06315534560756354,
    "('B4', 'B4')": 1.0
}