{
    "('1', '1')": 1.0,
    "('1', '2')": 0.04430414540800433,
    "('1', '3')": 0.032870219641158986,
    "('1', '4')": 0.007476735997852877,
    "('1', '5')": 0.06718902380809458,
    "('1', '6')": 0.002907368958231877,
    "('1', 'A1')": 0.010245543191956705,
    "('1', 'A2')": 0.007637377586481252,
    "('1', 'A3')": 0.004696911187039037,
    "('1', 'A4')": 0.013944214156528382,
    "('1', 'A5')": 0.027392613686874366,
    "('1', 'A6')": 0.03786555423333661,
    "('1', 'B1')": 0.03989182179310961,
    "('1', 'B2')": 0.04075502335659287,
    "('1', 'B3')": 0.12574089851783568,
    "('1', 'B4')": 0.04788661325828173,
    "('2', '2')": 1.0,
    "('2', '3')": 0.1079198260352479,
    "('2', '4')": 0.023355747854553466,
    "('2', '5')": 0.1329009093911503,
    "('2', '6')": 0.05300178988508864,
    "('2', 'A1')": 0.0046119660560462366,
    "('2', 'A2')": 0.006016411285214914,
    "('2', 'A3')": 0.00318927703844068,
    "('2', 'A4')": 0.009673456301181785,
    "('2', 'A5')": 0.018614693593425023,
    "('2', 'A6')": 0.0048768011583064565,
    "('2', 'B1')": 0.07542190746311482,
    "('2', 'B2')": 0.06221882350600371,
    "('2', 'B3')": 0.07400587118286854,
    "('2', 'B4')": 0.028604144837465248,
    "('3', '3')": 1.0,
    "('3', '4')": 0.02397022850411017,
    "('3', '5')": 0.06938644150964868,
    "('3', '6')": 0.01963031976572478,
    "('3', 'A1')": 0.006914152421443593,
    "('3', 'A2')": 0.008878326392004771,
    "('3', 'A3')": 0.0017502362154752887,
    "('3', 'A4')": 0.006453245602935589,
    "('3', 'A5')": 0.04217250420300257,
    "('3', 'A6')": 0.004015976616857694,
    "('3', 'B1')": 0.03586716521205447,
    "('3', 'B2')": 0.0448155225190902,
    "('3', 'B3')": 0.04433353942021745,
    "('3', 'B4')": 0.023256253208667216,
    "('4', '4')": 1.0,
    "('4', '5')": 0.24718224028710686,
    "('4', '6')": 0.39860923235855167,
    "('4', 'A1')": 0.0073920772667696874,
    "('4', 'A2')": 0.0023189168962217356,
    "('4', 'A3')": 0.00340863176562014,
    "('4', 'A4')": 0.001487104787356067,
    "('4', 'A5')": 0.014723656749601601,
    "('4', 'A6')": 0.003990036167463686,
    "('4', 'B1')": 0.14952918048388014,
    "('4', 'B2')": 0.24540424884264023,
    "('4', 'B3')": 0.12104617927992878,
    "('4', 'B4')": 0.0072353516485347364,
    "('5', '5')": 1.0,
    "('5', '6')": 0.27962712199476303,
    "('5', 'A1')": 0.006714577194492294,
    "('5', 'A2')": 0.0044411932614202825,
    "('5', 'A3')": 0.004096212608708326,
    "('5', 'A4')": 0.006927831200421412,
    "('5', 'A5')": 0.03993367946573487,
    "('5', 'A6')": 0.022212167677277666,
    "('5', 'B1')": 0.24038501046261798,
    "('5', 'B2')": 0.39169999186105625,
    "('5', 'B3')": 0.41757291503744365,
    "('5', 'B4')": 0.036374098323405456,
    "('6', '6')": 1.0,
    "('6', 'A1')": 0.001827041055600077,
    "('6', 'A2')": 0.0025820765133496805,
    "('6', 'A3')": 0.0016499874360517137,
    "('6', 'A4')": 0.0025485304289824292,
    "('6', 'A5')": 0.005396625096517907,
    "('6', 'A6')": 0.0009548417812801666,
    "('6', 'B1')": 0.23683161986702633,
    "('6', 'B2')": 0.32773085185011597,
    "('6', 'B3')": 0.13722084978423912,
    "('6', 'B4')": 0.0031748825596006835,
    "('A1', 'A1')": 1.0,
    "('A1', 'A2')": 0.6246373346071966,
    "('A1', 'A3')": 0.47871043042241596,
    "('A1', 'A4')": 0.1518176984286251,
    "('A1', 'A5')": 0.19807258478119713,
    "('A1', 'A6')": 0.514775347948374,
    "('A1', 'B1')": 0.017417098068788262,
    "('A1', 'B2')": 0.08324047066177843,
    "('A1', 'B3')": 0.01727383840267712,
    "('A1', 'B4')": 0.0042942729204084,
    "('A2', 'A2')": 1.0,
    "('A2', 'A3')": 0.4115024022459983,
    "('A2', 'A4')": 0.24312829417687995,
    "('A2', 'A5')": 0.18925696952380205,
    "('A2', 'A6')": 0.37729028136081005,
    "('A2', 'B1')": 0.014807585870225765,
    "('A2', 'B2')": 0.04668095611417822,
    "('A2', 'B3')": 0.025262000975137547,
    "('A2', 'B4')": 0.0009645902227966285,
    "('A3', 'A3')": 1.0,
    "('A3', 'A4')": 0.35075153477392695,
    "('A3', 'A5')": 0.2283741767752212,
    "('A3', 'A6')": 0.2886685158855068,
    "('A3', 'B1')": 0.01691963364965246,
    "('A3', 'B2')": 0.04885450774871495,
    "('A3', 'B3')": 0.02183194603106815,
    "('A3', 'B4')": 0.002922180749919956,
    "('A4', 'A4')": 1.0,
    "('A4', 'A5')": 0.05728870912691052,
    "('A4', 'A6')": 0.09837616756236212,
    "('A4', 'B1')": 0.03486391465114868,
    "('A4', 'B2')": 0.05275086674987218,
    "('A4', 'B3')": 0.061751105774588616,
    "('A4', 'B4')": 0.0009536404036275551,
    "('A5', 'A5')": 1.0,
    "('A5', 'A6')": 0.19928752132916078,
    "('A5', 'B1')": 0.01679486072356806,
    "('A5', 'B2')": 0.05080458112708158,
    "('A5', 'B3')": 0.0385917267029717,
    "('A5', 'B4')": 0.01903537901488395,
    "('A6', 'A6')": 1.0,
    "('A6', 'B1')": 0.009261810220286978,
    "('A6', 'B2')": 0.13106718214393448,
    "('A6', 'B3')": 0.03706999264865921,
    "('A6', 'B4')": 0.01329075640002474,
    "('B1', 'B1')": 1.0,
    "('B1', 'B2')": 0.2880339317633844,
    "('B1', 'B3')": 0.2519048377076165,
    "('B1', 'B4')": 0.05353621506546289,
    "('B2', 'B2')": 1.0,
    "('B2', 'B3')": 0.307184530475382,
    "('B2', 'B4')": 0.04294843514370413,
    "('B3', 'B3')": 1.0,
    "('B3', 'B4')": 0.06315534560756354,
    "('B4', 'B4')": 1.0
}