{
    "('1', '1')": 0.5,
    "('1', '2')": 0.08395802098950525,
    "('1', '3')": 0.11056910569105691,
    "('1', '4')": 0.04805748933303391,
    "('1', '5')": 0.14870538838348496,
    "('1', '6')": 0.046594074449227654,
    "('1', 'A1')": 0.02536367027228646,
    "('1', 'A2')": 0.016379310344827588,
    "('1', 'A3')": 0.018651362984218076,
    "('1', 'A4')": 0.02158730158730159,
    "('1', 'A5')": 0.050793650793650794,
    "('1', 'A6')": 0.05039619651347068,
    "('1', 'B1')": 0.11870635795663359,
    "('1', 'B2')": 0.09429538942432925,
    "('1', 'B3')": 0.18676222596964587,
    "('1', 'B4')": 0.11008861622358555,
    "('2', '2')": 0.5,
    "('2', '3')": 0.19279454722492698,
    "('2', '4')": 0.0659870250231696,
    "('2', '5')": 0.21070141391738287,
    "('2', '6')": 0.15984882169853268,
    "('2', 'A1')": 0.03148546824542519,
    "('2', 'A2')": 0.03487672880336741,
    "('2', 'A3')": 0.026509102523155543,
    "('2', 'A4')": 0.037764932562620424,
    "('2', 'A5')": 0.05144771476429768,
    "('2', 'A6')": 0.02661064425770308,
    "('2', 'B1')": 0.13157894736842105,
    "('2', 'B2')": 0.10403175266346355,
    "('2', 'B3')": 0.12169159953970081,
    "('2', 'B4')": 0.08525,
    "('3', '3')": 0.5,
    "('3', '4')": 0.0731521463042926,
    "('3', '5')": 0.17058096415327564,
    "('3', '6')": 0.0929819366301451,
    "('3', 'A1')": 0.024422735346358793,
    "('3', 'A2')": 0.030107526881720432,
    "('3', 'A3')": 0.013813813813813814,
    "('3', 'A4')": 0.03365810451727192,
    "('3', 'A5')": 0.051319648093841645,
    "('3', 'A6')": 0.01627742392073602,
    "('3', 'B1')": 0.12155172413793103,
    "('3', 'B2')": 0.09687773562882988,
    "('3', 'B3')": 0.11199625117150891,
    "('3', 'B4')": 0.08102918586789555,
    "('4', '4')": 0.5,
    "('4', '5')": 0.4451764705882353,
    "('4', '6')": 0.5851280888687372,
    "('4', 'A1')": 0.01723199709776891,
    "('4', 'A2')": 0.012419949543954978,
    "('4', 'A3')": 0.01073743922204214,
    "('4', 'A4')": 0.011317338162064282,
    "('4', 'A5')": 0.03385285738226915,
    "('4', 'A6')": 0.016131687242798353,
    "('4', 'B1')": 0.3361249434133092,
    "('4', 'B2')": 0.4182402571313781,
    "('4', 'B3')": 0.256978289765175,
    "('4', 'B4')": 0.029456320484766874,
    "('5', '5')": 0.5,
    "('5', '6')": 0.48399047367028314,
    "('5', 'A1')": 0.03504043126684636,
    "('5', 'A2')": 0.030653401452003227,
    "('5', 'A3')": 0.028530670470756064,
    "('5', 'A4')": 0.03247405423501841,
    "('5', 'A5')": 0.07190860215053764,
    "('5', 'A6')": 0.045633187772925764,
    "('5', 'B1')": 0.4332381858547415,
    "('5', 'B2')": 0.5241675617615468,
    "('5', 'B3')": 0.541501976284585,
    "('5', 'B4')": 0.10793725122922032,
    "('6', '6')": 0.5,
    "('6', 'A1')": 0.010756972111553785,
    "('6', 'A2')": 0.011010362694300517,
    "('6', 'A3')": 0.005189530685920578,
    "('6', 'A4')": 0.008976660682226212,
    "('6', 'A5')": 0.02697284490614179,
    "('6', 'A6')": 0.008044333214158027,
    "('6', 'B1')": 0.3599290780141844,
    "('6', 'B2')": 0.43491644678979774,
    "('6', 'B3')": 0.25274189617353154,
    "('6', 'B4')": 0.02704691812327507,
    "('A1', 'A1')": 0.5,
    "('A1', 'A2')": 0.7660599571734475,
    "('A1', 'A3')": 0.658207343412527,
    "('A1', 'A4')": 0.37688984881209503,
    "('A1', 'A5')": 0.3520992366412214,
    "('A1', 'A6')": 0.7047275641025641,
    "('A1', 'B1')": 0.05256207078711041,
    "('A1', 'B2')": 0.1439377085650723,
    "('A1', 'B3')": 0.07191780821917808,
    "('A1', 'B4')": 0.014009661835748793,
    "('A2', 'A2')": 0.5,
    "('A2', 'A3')": 0.6252274105518496,
    "('A2', 'A4')": 0.4838487972508591,
    "('A2', 'A5')": 0.3305756635642882,
    "('A2', 'A6')": 0.5650060753341434,
    "('A2', 'B1')": 0.05026300409117475,
    "('A2', 'B2')": 0.09925960203609441,
    "('A2', 'B3')": 0.07165605095541401,
    "('A2', 'B4')": 0.008209745762711865,
    "('A3', 'A3')": 0.5,
    "('A3', 'A4')": 0.5522508038585209,
    "('A3', 'A5')": 0.3338229893499816,
    "('A3', 'A6')": 0.5031004547333608,
    "('A3', 'B1')": 0.057492931196983975,
    "('A3', 'B2')": 0.11734189723320158,
    "('A3', 'B3')": 0.08135125818683213,
    "('A3', 'B4')": 0.011874469889737066,
    "('A4', 'A4')": 0.5,
    "('A4', 'A5')": 0.18785796105383734,
    "('A4', 'A6')": 0.2845360824742268,
    "('A4', 'B1')": 0.06196341918626353,
    "('A4', 'B2')": 0.08103727714748785,
    "('A4', 'B3')": 0.09136420525657071,
    "('A4', 'B4')": 0.008242664029014177,
    "('A5', 'A5')": 0.5,
    "('A5', 'A6')": 0.393115417992479,
    "('A5', 'B1')": 0.05500116036203295,
    "('A5', 'B2')": 0.10845481049562682,
    "('A5', 'B3')": 0.09346504559270517,
    "('A5', 'B4')": 0.03434036079113236,
    "('A6', 'A6')": 0.5,
    "('A6', 'B1')": 0.04911228960110676,
    "('A6', 'B2')": 0.1825528387898881,
    "('A6', 'B3')": 0.09033560434014636,
    "('A6', 'B4')": 0.026508620689655173,
    "('B1', 'B1')": 0.5,
    "('B1', 'B2')": 0.4957359009628611,
    "('B1', 'B3')": 0.41941135248773653,
    "('B1', 'B4')": 0.1334510595358224,
    "('B2', 'B2')": 0.5,
    "('B2', 'B3')": 0.46662911855815264,
    "('B2', 'B4')": 0.10697492163009405,
    "('B3', 'B3')": 0.5,
    "('B3', 'B4')": 0.16982167352537722,
    "('B4', 'B4')": 0.5
}