{
    "('celseq', 'celseq')": 1.0,
    "('celseq', 'celseq2')": 0.38074398249453,
    "('celseq', 'fluidigmc1')": 0.587649402390438,
    "('celseq', 'inDrop1')": 0.41042849767682,
    "('celseq', 'inDrop2')": 0.497679814385151,
    "('celseq', 'inDrop3')": 0.264632454923717,
    "('celseq', 'inDrop4')": 0.649270913277053,
    "('celseq', 'smarter')": 0.611260053619303,
    "('celseq', 'smartseq2')": 0.369256474519632,
    "('celseq2', 'celseq2')": 1.0,
    "('celseq2', 'fluidigmc1')": 0.270021881838074,
    "('celseq2', 'inDrop1')": 0.864223025296851,
    "('celseq2', 'inDrop2')": 0.662144420131291,
    "('celseq2', 'inDrop3')": 0.545631067961165,
    "('celseq2', 'inDrop4')": 0.527352297592998,
    "('celseq2', 'smarter')": 0.989946380697051,
    "('celseq2', 'smartseq2')": 0.784245076586433,
    "('fluidigmc1', 'fluidigmc1')": 1.0,
    "('fluidigmc1', 'inDrop1')": 0.319050077439339,
    "('fluidigmc1', 'inDrop2')": 0.359048723897912,
    "('fluidigmc1', 'inDrop3')": 0.173370319001387,
    "('fluidigmc1', 'inDrop4')": 0.468917881811205,
    "('fluidigmc1', 'smarter')": 0.399463806970509,
    "('fluidigmc1', 'smartseq2')": 0.254385964912281,
    "('inDrop1', 'inDrop1')": 1.0,
    "('inDrop1', 'inDrop2')": 0.841067285382831,
    "('inDrop1', 'inDrop3')": 0.441608876560333,
    "('inDrop1', 'inDrop4')": 0.547754259163655,
    "('inDrop1', 'smarter')": 0.906166219839142,
    "('inDrop1', 'smartseq2')": 0.818275684047496,
    "('inDrop2', 'inDrop2')": 1.0,
    "('inDrop2', 'inDrop3')": 0.420804438280166,
    "('inDrop2', 'inDrop4')": 0.658932714617169,
    "('inDrop2', 'smarter')": 0.880026809651475,
    "('inDrop2', 'smartseq2')": 0.593149540517962,
    "('inDrop3', 'inDrop3')": 1.0,
    "('inDrop3', 'inDrop4')": 0.330651872399445,
    "('inDrop3', 'smarter')": 0.389459084604716,
    "('inDrop3', 'smartseq2')": 0.931913116123642,
    "('inDrop4', 'inDrop4')": 1.0,
    "('inDrop4', 'smarter')": 0.958557175748273,
    "('inDrop4', 'smartseq2')": 0.47702589807853,
    "('smarter', 'smarter')": 1.0,
    "('smarter', 'smartseq2')": 0.992627345844504,
    "('smartseq2', 'smartseq2')": 1.0
}