{
    "('celseq', 'celseq')": 1.0,
    "('celseq', 'celseq2')": 0.768924302788845,
    "('celseq', 'fluidigmc1')": 0.614420062695925,
    "('celseq', 'inDrop1')": 0.48804780876494,
    "('celseq', 'inDrop2')": 0.603585657370518,
    "('celseq', 'inDrop3')": 0.622509960159363,
    "('celseq', 'inDrop4')": 0.634462151394422,
    "('celseq', 'smarter')": 0.549800796812749,
    "('celseq', 'smartseq2')": 0.752988047808765,
    "('celseq2', 'celseq2')": 1.0,
    "('celseq2', 'fluidigmc1')": 0.507836990595611,
    "('celseq2', 'inDrop1')": 0.519876097057305,
    "('celseq2', 'inDrop2')": 0.61368909512761,
    "('celseq2', 'inDrop3')": 0.631947483588621,
    "('celseq2', 'inDrop4')": 0.636224098234843,
    "('celseq2', 'smarter')": 0.527479892761394,
    "('celseq2', 'smartseq2')": 0.635448577680525,
    "('fluidigmc1', 'fluidigmc1')": 1.0,
    "('fluidigmc1', 'inDrop1')": 0.531347962382445,
    "('fluidigmc1', 'inDrop2')": 0.700626959247649,
    "('fluidigmc1', 'inDrop3')": 0.405956112852665,
    "('fluidigmc1', 'inDrop4')": 0.780564263322884,
    "('fluidigmc1', 'smarter')": 0.594043887147335,
    "('fluidigmc1', 'smartseq2')": 0.670846394984326,
    "('inDrop1', 'inDrop1')": 1.0,
    "('inDrop1', 'inDrop2')": 0.425754060324826,
    "('inDrop1', 'inDrop3')": 0.540010325245225,
    "('inDrop1', 'inDrop4')": 0.484267075978511,
    "('inDrop1', 'smarter')": 0.416890080428954,
    "('inDrop1', 'smartseq2')": 0.528136293236964,
    "('inDrop2', 'inDrop2')": 1.0,
    "('inDrop2', 'inDrop3')": 0.599767981438515,
    "('inDrop2', 'inDrop4')": 0.58096699923254,
    "('inDrop2', 'smarter')": 0.460455764075067,
    "('inDrop2', 'smartseq2')": 0.702436194895592,
    "('inDrop3', 'inDrop3')": 1.0,
    "('inDrop3', 'inDrop4')": 0.500383729854183,
    "('inDrop3', 'smarter')": 0.409517426273458,
    "('inDrop3', 'smartseq2')": 0.515037593984962,
    "('inDrop4', 'inDrop4')": 1.0,
    "('inDrop4', 'smarter')": 0.439754412893323,
    "('inDrop4', 'smartseq2')": 0.755947812739831,
    "('smarter', 'smarter')": 1.0,
    "('smarter', 'smartseq2')": 0.630697050938338,
    "('smartseq2', 'smartseq2')": 1.0
}