{
    "('celseq', 'celseq')": 1.0,
    "('celseq', 'celseq2')": 0.30922684791843674,
    "('celseq', 'fluidigmc1')": 0.3433591065292096,
    "('celseq', 'inDrop1')": 0.1883554376657825,
    "('celseq', 'inDrop2')": 0.2881417721518987,
    "('celseq', 'inDrop3')": 0.1969098474341193,
    "('celseq', 'inDrop4')": 0.3872906091370558,
    "('celseq', 'smarter')": 0.12822821376986038,
    "('celseq', 'smartseq2')": 0.2919350862777321,
    "('celseq2', 'celseq2')": 1.0,
    "('celseq2', 'fluidigmc1')": 0.20993438320209976,
    "('celseq2', 'inDrop1')": 0.3161107313738893,
    "('celseq2', 'inDrop2')": 0.6223371647509579,
    "('celseq2', 'inDrop3')": 0.461467668365978,
    "('celseq2', 'inDrop4')": 0.46972010178117046,
    "('celseq2', 'smarter')": 0.4876985138004246,
    "('celseq2', 'smartseq2')": 0.6250218658892128,
    "('fluidigmc1', 'fluidigmc1')": 1.0,
    "('fluidigmc1', 'inDrop1')": 0.276979381443299,
    "('fluidigmc1', 'inDrop2')": 0.2772502870264065,
    "('fluidigmc1', 'inDrop3')": 0.08465779994458297,
    "('fluidigmc1', 'inDrop4')": 0.4029063670411985,
    "('fluidigmc1', 'smarter')": 0.3040440251572327,
    "('fluidigmc1', 'smartseq2')": 0.24958281184814352,
    "('inDrop1', 'inDrop1')": 1.0,
    "('inDrop1', 'inDrop2')": 0.2765274051360675,
    "('inDrop1', 'inDrop3')": 0.2882837942620833,
    "('inDrop1', 'inDrop4')": 0.4038863000931967,
    "('inDrop1', 'smarter')": 0.2126325903151422,
    "('inDrop1', 'smartseq2')": 0.23502455494168203,
    "('inDrop2', 'inDrop2')": 1.0,
    "('inDrop2', 'inDrop3')": 0.3312278308321965,
    "('inDrop2', 'inDrop4')": 0.5538744588744589,
    "('inDrop2', 'smarter')": 0.5326781326781327,
    "('inDrop2', 'smartseq2')": 0.519055180627233,
    "('inDrop3', 'inDrop3')": 1.0,
    "('inDrop3', 'inDrop4')": 0.27232929515418497,
    "('inDrop3', 'smarter')": 0.28837164750957855,
    "('inDrop3', 'smartseq2')": 0.4231112263417164,
    "('inDrop4', 'inDrop4')": 1.0,
    "('inDrop4', 'smarter')": 0.31893098079916965,
    "('inDrop4', 'smartseq2')": 0.3187620889748549,
    "('smarter', 'smarter')": 1.0,
    "('smarter', 'smartseq2')": 0.4326270523846756,
    "('smartseq2', 'smartseq2')": 1.0
}