{
    "('celseq', 'celseq')": 1.0,
    "('celseq', 'celseq2')": 0.22024152420209175,
    "('celseq', 'fluidigmc1')": 0.26811988618664834,
    "('celseq', 'inDrop1')": 0.13654624087108472,
    "('celseq', 'inDrop2')": 0.21723952153747134,
    "('celseq', 'inDrop3')": 0.12083626222711766,
    "('celseq', 'inDrop4')": 0.2910270631886736,
    "('celseq', 'smarter')": 0.07206187923707022,
    "('celseq', 'smartseq2')": 0.22134563834370388,
    "('celseq2', 'celseq2')": 1.0,
    "('celseq2', 'fluidigmc1')": 0.1095991453225144,
    "('celseq2', 'inDrop1')": 0.2351851225060096,
    "('celseq2', 'inDrop2')": 0.5653301265858971,
    "('celseq2', 'inDrop3')": 0.3692187256364178,
    "('celseq2', 'inDrop4')": 0.35948447806850703,
    "('celseq2', 'smarter')": 0.5599077847157901,
    "('celseq2', 'smartseq2')": 0.4961921548188335,
    "('fluidigmc1', 'fluidigmc1')": 1.0,
    "('fluidigmc1', 'inDrop1')": 0.1778361833595406,
    "('fluidigmc1', 'inDrop2')": 0.17106014351736387,
    "('fluidigmc1', 'inDrop3')": 0.04493567480943853,
    "('fluidigmc1', 'inDrop4')": 0.2745150844347828,
    "('fluidigmc1', 'smarter')": 0.14028595319721315,
    "('fluidigmc1', 'smartseq2')": 0.1259282528228533,
    "('inDrop1', 'inDrop1')": 1.0,
    "('inDrop1', 'inDrop2')": 0.18804849271134702,
    "('inDrop1', 'inDrop3')": 0.27579954932673706,
    "('inDrop1', 'inDrop4')": 0.32308572280626285,
    "('inDrop1', 'smarter')": 0.14932132708293736,
    "('inDrop1', 'smartseq2')": 0.13225387865689353,
    "('inDrop2', 'inDrop2')": 1.0,
    "('inDrop2', 'inDrop3')": 0.27926344684523335,
    "('inDrop2', 'inDrop4')": 0.44630398397927123,
    "('inDrop2', 'smarter')": 0.4380049280116235,
    "('inDrop2', 'smartseq2')": 0.44418210345826087,
    "('inDrop3', 'inDrop3')": 1.0,
    "('inDrop3', 'inDrop4')": 0.19494502774291608,
    "('inDrop3', 'smarter')": 0.26969198437203395,
    "('inDrop3', 'smartseq2')": 0.42256363333750435,
    "('inDrop4', 'inDrop4')": 1.0,
    "('inDrop4', 'smarter')": 0.31421251982693,
    "('inDrop4', 'smartseq2')": 0.23319366215004805,
    "('smarter', 'smarter')": 1.0,
    "('smarter', 'smartseq2')": 0.3734107924979996,
    "('smartseq2', 'smartseq2')": 1.0
}