{
    "('celseq', 'celseq')": 1.0,
    "('celseq', 'celseq2')": 0.2982947584457474,
    "('celseq', 'fluidigmc1')": 0.2925264356326462,
    "('celseq', 'inDrop1')": 0.2430951935591198,
    "('celseq', 'inDrop2')": 0.24417389800314226,
    "('celseq', 'inDrop3')": 0.14701276599003185,
    "('celseq', 'inDrop4')": 0.3753952781031876,
    "('celseq', 'smarter')": 0.11209606615876971,
    "('celseq', 'smartseq2')": 0.26045344250746283,
    "('celseq2', 'celseq2')": 1.0,
    "('celseq2', 'fluidigmc1')": 0.14883298585266774,
    "('celseq2', 'inDrop1')": 0.3412833543268326,
    "('celseq2', 'inDrop2')": 0.48662266595818066,
    "('celseq2', 'inDrop3')": 0.3769347091380199,
    "('celseq2', 'inDrop4')": 0.36851898284867585,
    "('celseq2', 'smarter')": 0.3363350172047733,
    "('celseq2', 'smartseq2')": 0.4934710872947436,
    "('fluidigmc1', 'fluidigmc1')": 1.0,
    "('fluidigmc1', 'inDrop1')": 0.18660511181454523,
    "('fluidigmc1', 'inDrop2')": 0.2868741733024968,
    "('fluidigmc1', 'inDrop3')": 0.10607423751912126,
    "('fluidigmc1', 'inDrop4')": 0.30019403743066,
    "('fluidigmc1', 'smarter')": 0.24625971143174244,
    "('fluidigmc1', 'smartseq2')": 0.16333357599136814,
    "('inDrop1', 'inDrop1')": 1.0,
    "('inDrop1', 'inDrop2')": 0.25968144100369767,
    "('inDrop1', 'inDrop3')": 0.28078265784470063,
    "('inDrop1', 'inDrop4')": 0.34107732445438593,
    "('inDrop1', 'smarter')": 0.1881951930240153,
    "('inDrop1', 'smartseq2')": 0.2126921372033301,
    "('inDrop2', 'inDrop2')": 1.0,
    "('inDrop2', 'inDrop3')": 0.3124299923207219,
    "('inDrop2', 'inDrop4')": 0.4612006217915052,
    "('inDrop2', 'smarter')": 0.3545945945945944,
    "('inDrop2', 'smartseq2')": 0.44961687390088767,
    "('inDrop3', 'inDrop3')": 1.0,
    "('inDrop3', 'inDrop4')": 0.20503595650114273,
    "('inDrop3', 'smarter')": 0.17908328748790875,
    "('inDrop3', 'smartseq2')": 0.29758502266040193,
    "('inDrop4', 'inDrop4')": 1.0,
    "('inDrop4', 'smarter')": 0.28766373325265615,
    "('inDrop4', 'smartseq2')": 0.31199095308506863,
    "('smarter', 'smarter')": 1.0,
    "('smarter', 'smartseq2')": 0.292130487372634,
    "('smartseq2', 'smartseq2')": 1.0
}