{
    "('1', '1')": 1.0,
    "('1', '2')": 0.8008849557522124,
    "('1', '3')": 0.6382743362831859,
    "('1', '4')": 0.6515486725663717,
    "('1', '5')": 0.8495575221238938,
    "('1', '6')": 0.7754424778761062,
    "('1', 'A1')": 0.4026548672566372,
    "('1', 'A2')": 0.40486725663716816,
    "('1', 'A3')": 0.2853982300884956,
    "('1', 'A4')": 0.36283185840707965,
    "('1', 'A5')": 0.39823008849557523,
    "('1', 'A6')": 0.3141592920353982,
    "('1', 'B1')": 0.35951327433628316,
    "('1', 'B2')": 0.3838495575221239,
    "('1', 'B3')": 0.4856194690265487,
    "('1', 'B4')": 0.377212389380531,
    "('2', '2')": 1.0,
    "('2', '3')": 0.8073593073593074,
    "('2', '4')": 0.5447686116700201,
    "('2', '5')": 0.8013078470824949,
    "('2', '6')": 0.7585513078470825,
    "('2', 'A1')": 0.2545271629778672,
    "('2', 'A2')": 0.2238430583501006,
    "('2', 'A3')": 0.22920065252854813,
    "('2', 'A4')": 0.3276595744680851,
    "('2', 'A5')": 0.27867203219315895,
    "('2', 'A6')": 0.18108651911468812,
    "('2', 'B1')": 0.385981308411215,
    "('2', 'B2')": 0.32494969818913483,
    "('2', 'B3')": 0.5081109366823653,
    "('2', 'B4')": 0.47046323841903953,
    "('3', '3')": 1.0,
    "('3', '4')": 0.7251082251082251,
    "('3', '5')": 0.8982683982683982,
    "('3', '6')": 0.7705627705627706,
    "('3', 'A1')": 0.3722943722943723,
    "('3', 'A2')": 0.42857142857142855,
    "('3', 'A3')": 0.2554112554112554,
    "('3', 'A4')": 0.3730496453900709,
    "('3', 'A5')": 0.48917748917748916,
    "('3', 'A6')": 0.35714285714285715,
    "('3', 'B1')": 0.6861471861471862,
    "('3', 'B2')": 0.6558441558441559,
    "('3', 'B3')": 0.6103896103896104,
    "('3', 'B4')": 0.7402597402597403,
    "('4', '4')": 1.0,
    "('4', '5')": 0.7562000840689366,
    "('4', '6')": 0.7060855700239171,
    "('4', 'A1')": 0.1913279132791328,
    "('4', 'A2')": 0.1657496561210454,
    "('4', 'A3')": 0.20636215334420882,
    "('4', 'A4')": 0.3276595744680851,
    "('4', 'A5')": 0.22651704073150458,
    "('4', 'A6')": 0.1912863070539419,
    "('4', 'B1')": 0.4261682242990654,
    "('4', 'B2')": 0.39551107067030633,
    "('4', 'B3')": 0.3160648874934589,
    "('4', 'B4')": 0.3259668508287293,
    "('5', '5')": 1.0,
    "('5', '6')": 0.7864649012189996,
    "('5', 'A1')": 0.221680216802168,
    "('5', 'A2')": 0.1815680880330124,
    "('5', 'A3')": 0.2234910277324633,
    "('5', 'A4')": 0.28368794326241137,
    "('5', 'A5')": 0.30096679277007143,
    "('5', 'A6')": 0.24854771784232366,
    "('5', 'B1')": 0.39345794392523364,
    "('5', 'B2')": 0.3930222782681799,
    "('5', 'B3')": 0.467294610151753,
    "('5', 'B4')": 0.46748831279218017,
    "('6', '6')": 1.0,
    "('6', 'A1')": 0.09972127593682255,
    "('6', 'A2')": 0.096934035305048,
    "('6', 'A3')": 0.100326264274062,
    "('6', 'A4')": 0.18156028368794327,
    "('6', 'A5')": 0.16227934344998451,
    "('6', 'A6')": 0.09211618257261411,
    "('6', 'B1')": 0.2542056074766355,
    "('6', 'B2')": 0.2229299363057325,
    "('6', 'B3')": 0.3082155939298796,
    "('6', 'B4')": 0.27921801954951125,
    "('A1', 'A1')": 1.0,
    "('A1', 'A2')": 0.9580467675378267,
    "('A1', 'A3')": 0.9045676998368679,
    "('A1', 'A4')": 0.9858156028368794,
    "('A1', 'A5')": 0.8498644986449865,
    "('A1', 'A6')": 0.94579945799458,
    "('A1', 'B1')": 0.189159891598916,
    "('A1', 'B2')": 0.2086720867208672,
    "('A1', 'B3')": 0.24385138670852957,
    "('A1', 'B4')": 0.1249468763280918,
    "('A2', 'A2')": 1.0,
    "('A2', 'A3')": 0.9147180192572214,
    "('A2', 'A4')": 0.9829787234042553,
    "('A2', 'A5')": 0.8720770288858322,
    "('A2', 'A6')": 0.9119669876203577,
    "('A2', 'B1')": 0.19876203576341128,
    "('A2', 'B2')": 0.20426409903713894,
    "('A2', 'B3')": 0.23129251700680273,
    "('A2', 'B4')": 0.1487462813429664,
    "('A3', 'A3')": 1.0,
    "('A3', 'A4')": 0.9730496453900709,
    "('A3', 'A5')": 0.7960848287112561,
    "('A3', 'A6')": 0.8531810766721044,
    "('A3', 'B1')": 0.2300163132137031,
    "('A3', 'B2')": 0.30261011419249595,
    "('A3', 'B3')": 0.2528548123980424,
    "('A3', 'B4')": 0.11174551386623165,
    "('A4', 'A4')": 1.0,
    "('A4', 'A5')": 0.9546099290780142,
    "('A4', 'A6')": 0.9546099290780142,
    "('A4', 'B1')": 0.34893617021276596,
    "('A4', 'B2')": 0.3517730496453901,
    "('A4', 'B3')": 0.3588652482269504,
    "('A4', 'B4')": 0.17446808510638298,
    "('A5', 'A5')": 1.0,
    "('A5', 'A6')": 0.7908713692946058,
    "('A5', 'B1')": 0.2088785046728972,
    "('A5', 'B2')": 0.1970074812967581,
    "('A5', 'B3')": 0.2668759811616955,
    "('A5', 'B4')": 0.1644708882277943,
    "('A6', 'A6')": 1.0,
    "('A6', 'B1')": 0.19579439252336447,
    "('A6', 'B2')": 0.2170124481327801,
    "('A6', 'B3')": 0.20041862899005755,
    "('A6', 'B4')": 0.13557161070973225,
    "('B1', 'B1')": 1.0,
    "('B1', 'B2')": 0.9420560747663551,
    "('B1', 'B3')": 0.6719626168224299,
    "('B1', 'B4')": 0.677570093457944,
    "('B2', 'B2')": 1.0,
    "('B2', 'B3')": 0.6713762428048142,
    "('B2', 'B4')": 0.4513387165320867,
    "('B3', 'B3')": 1.0,
    "('B3', 'B4')": 0.6410256410256411,
    "('B4', 'B4')": 1.0
}