{
    "('1', '1')": 1.0,
    "('1', '2')": 0.08815317112086159,
    "('1', '3')": 0.1274787535410765,
    "('1', '4')": 0.04878882338073976,
    "('1', '5')": 0.13870775073210523,
    "('1', '6')": 0.04684317718940937,
    "('1', 'A1')": 0.04157252598282874,
    "('1', 'A2')": 0.03024662633783155,
    "('1', 'A3')": 0.04641089108910891,
    "('1', 'A4')": 0.06043956043956044,
    "('1', 'A5')": 0.05198779871959861,
    "('1', 'A6')": 0.06334370033138073,
    "('1', 'B1')": 0.1349368120668569,
    "('1', 'B2')": 0.10109204368174728,
    "('1', 'B3')": 0.2050511542099636,
    "('1', 'B4')": 0.10353270374256733,
    "('2', '2')": 1.0,
    "('2', '3')": 0.18493995456020773,
    "('2', '4')": 0.0671585319712448,
    "('2', '5')": 0.20398047567440414,
    "('2', '6')": 0.15506117908787542,
    "('2', 'A1')": 0.03754080522306855,
    "('2', 'A2')": 0.03788860103626943,
    "('2', 'A3')": 0.03164139749505603,
    "('2', 'A4')": 0.03805825242718447,
    "('2', 'A5')": 0.0553388590931253,
    "('2', 'A6')": 0.039081004263382284,
    "('2', 'B1')": 0.14209287692836017,
    "('2', 'B2')": 0.10265672990957288,
    "('2', 'B3')": 0.12503166264688714,
    "('2', 'B4')": 0.08320649416539827,
    "('3', '3')": 1.0,
    "('3', '4')": 0.0738517745302714,
    "('3', '5')": 0.1639127839021888,
    "('3', '6')": 0.0918580375782881,
    "('3', 'A1')": 0.04632152588555858,
    "('3', 'A2')": 0.03611738148984198,
    "('3', 'A3')": 0.045394736842105265,
    "('3', 'A4')": 0.08198380566801619,
    "('3', 'A5')": 0.06791304484756866,
    "('3', 'A6')": 0.04823269513991164,
    "('3', 'B1')": 0.12488393686165274,
    "('3', 'B2')": 0.09099896643149238,
    "('3', 'B3')": 0.11608040201005025,
    "('3', 'B4')": 0.09156918112141993,
    "('4', '4')": 1.0,
    "('4', '5')": 0.3670216718266254,
    "('4', '6')": 0.44662684006365627,
    "('4', 'A1')": 0.025395656974604344,
    "('4', 'A2')": 0.017620273213225103,
    "('4', 'A3')": 0.013296161269568948,
    "('4', 'A4')": 0.014532243415077202,
    "('4', 'A5')": 0.034650967199327164,
    "('4', 'A6')": 0.022336713863970917,
    "('4', 'B1')": 0.2093244529019981,
    "('4', 'B2')": 0.26348002630399164,
    "('4', 'B3')": 0.10501871023425302,
    "('4', 'B4')": 0.030174737313507106,
    "('5', '5')": 1.0,
    "('5', '6')": 0.3889917967716327,
    "('5', 'A1')": 0.03506620892594409,
    "('5', 'A2')": 0.03569497025419145,
    "('5', 'A3')": 0.03032036613272311,
    "('5', 'A4')": 0.03426268055089016,
    "('5', 'A5')": 0.06918712751299035,
    "('5', 'A6')": 0.042953248925369794,
    "('5', 'B1')": 0.25986145808618627,
    "('5', 'B2')": 0.30171700621956754,
    "('5', 'B3')": 0.3105870239916199,
    "('5', 'B4')": 0.0993890977443609,
    "('6', '6')": 1.0,
    "('6', 'A1')": 0.01368375325803649,
    "('6', 'A2')": 0.016341352700862462,
    "('6', 'A3')": 0.011063011063011063,
    "('6', 'A4')": 0.022820362785254535,
    "('6', 'A5')": 0.03172782874617737,
    "('6', 'A6')": 0.010507173166296221,
    "('6', 'B1')": 0.19215425192154253,
    "('6', 'B2')": 0.20854439728781318,
    "('6', 'B3')": 0.09600862998921252,
    "('6', 'B4')": 0.029232643118148598,
    "('A1', 'A1')": 1.0,
    "('A1', 'A2')": 0.7417296921938923,
    "('A1', 'A3')": 0.6205937084625609,
    "('A1', 'A4')": 0.367170626349892,
    "('A1', 'A5')": 0.3318028612870574,
    "('A1', 'A6')": 0.6685640420899855,
    "('A1', 'B1')": 0.0545280612244898,
    "('A1', 'B2')": 0.07081184999118631,
    "('A1', 'B3')": 0.07030178326474623,
    "('A1', 'B4')": 0.02616776718023967,
    "('A2', 'A2')": 1.0,
    "('A2', 'A3')": 0.6056505272849012,
    "('A2', 'A4')": 0.46941580756013745,
    "('A2', 'A5')": 0.3170058640910659,
    "('A2', 'A6')": 0.522476566024495,
    "('A2', 'B1')": 0.0481266149870801,
    "('A2', 'B2')": 0.05213518209865598,
    "('A2', 'B3')": 0.04967786408290426,
    "('A2', 'B4')": 0.018459069020866775,
    "('A3', 'A3')": 1.0,
    "('A3', 'A4')": 0.5367524115755627,
    "('A3', 'A5')": 0.30673836626008477,
    "('A3', 'A6')": 0.45883326437732724,
    "('A3', 'B1')": 0.04610655737704918,
    "('A3', 'B2')": 0.04825462012320328,
    "('A3', 'B3')": 0.05577519271806022,
    "('A3', 'B4')": 0.020530367835757058,
    "('A4', 'A4')": 1.0,
    "('A4', 'A5')": 0.1863306605574647,
    "('A4', 'A6')": 0.27422680412371137,
    "('A4', 'B1')": 0.06987003863716193,
    "('A4', 'B2')": 0.08168761220825853,
    "('A4', 'B3')": 0.09647965670692944,
    "('A4', 'B4')": 0.02529815684857246,
    "('A5', 'A5')": 1.0,
    "('A5', 'A6')": 0.35163819619266545,
    "('A5', 'B1')": 0.06334310850439882,
    "('A5', 'B2')": 0.0773136395107316,
    "('A5', 'B3')": 0.08025177025963807,
    "('A5', 'B4')": 0.0362751603627516,
    "('A6', 'A6')": 1.0,
    "('A6', 'B1')": 0.05475504322766571,
    "('A6', 'B2')": 0.078753360505124,
    "('A6', 'B3')": 0.08614508758975677,
    "('A6', 'B4')": 0.029507485354740726,
    "('B1', 'B1')": 1.0,
    "('B1', 'B2')": 0.4718019257221458,
    "('B1', 'B3')": 0.354239663629993,
    "('B1', 'B4')": 0.1188439861189732,
    "('B2', 'B2')": 1.0,
    "('B2', 'B3')": 0.34664607665845565,
    "('B2', 'B4')": 0.09618725686444839,
    "('B3', 'B3')": 1.0,
    "('B3', 'B4')": 0.15015987904408912,
    "('B4', 'B4')": 1.0
}