{
    "('1', '1')": 1.0,
    "('1', '2')": 0.08320839580209895,
    "('1', '3')": 0.1073170731707317,
    "('1', '4')": 0.04536267684706939,
    "('1', '5')": 0.13850717396246093,
    "('1', '6')": 0.046594074449227654,
    "('1', 'A1')": 0.02424468481909735,
    "('1', 'A2')": 0.016379310344827588,
    "('1', 'A3')": 0.018651362984218076,
    "('1', 'A4')": 0.02158730158730159,
    "('1', 'A5')": 0.04555252249519765,
    "('1', 'A6')": 0.04691976137361584,
    "('1', 'B1')": 0.10621095185593532,
    "('1', 'B2')": 0.08439697837978641,
    "('1', 'B3')": 0.14376053962900506,
    "('1', 'B4')": 0.10122699386503067,
    "('2', '2')": 1.0,
    "('2', '3')": 0.18257059396299902,
    "('2', '4')": 0.06561631139944393,
    "('2', '5')": 0.20468697778035902,
    "('2', '6')": 0.15562472209871053,
    "('2', 'A1')": 0.027717976318622176,
    "('2', 'A2')": 0.02916416115453999,
    "('2', 'A3')": 0.02012136697540722,
    "('2', 'A4')": 0.030314707771355167,
    "('2', 'A5')": 0.05001196458482891,
    "('2', 'A6')": 0.026377217553688142,
    "('2', 'B1')": 0.11756665751688856,
    "('2', 'B2')": 0.09247266903418981,
    "('2', 'B3')": 0.11373225930187955,
    "('2', 'B4')": 0.08175,
    "('3', '3')": 1.0,
    "('3', '4')": 0.07086614173228346,
    "('3', '5')": 0.16163399846959797,
    "('3', '6')": 0.09061297009179746,
    "('3', 'A1')": 0.023978685612788632,
    "('3', 'A2')": 0.030107526881720432,
    "('3', 'A3')": 0.013813813813813814,
    "('3', 'A4')": 0.03365810451727192,
    "('3', 'A5')": 0.05060895325872284,
    "('3', 'A6')": 0.01627742392073602,
    "('3', 'B1')": 0.10560344827586207,
    "('3', 'B2')": 0.07947690310439905,
    "('3', 'B3')": 0.09606373008434864,
    "('3', 'B4')": 0.07680491551459294,
    "('4', '4')": 1.0,
    "('4', '5')": 0.36856965944272446,
    "('4', '6')": 0.44146174250072057,
    "('4', 'A1')": 0.016687828768365682,
    "('4', 'A2')": 0.012419949543954978,
    "('4', 'A3')": 0.01073743922204214,
    "('4', 'A4')": 0.011317338162064282,
    "('4', 'A5')": 0.03237807943690296,
    "('4', 'A6')": 0.015039646692763226,
    "('4', 'B1')": 0.19669533725667723,
    "('4', 'B2')": 0.24707661077160556,
    "('4', 'B3')": 0.09769605671245016,
    "('4', 'B4')": 0.02787984284488527,
    "('5', '5')": 1.0,
    "('5', '6')": 0.3834347711034665,
    "('5', 'A1')": 0.03381524136241117,
    "('5', 'A2')": 0.029577843506318903,
    "('5', 'A3')": 0.027960057061340943,
    "('5', 'A4')": 0.02979578172079009,
    "('5', 'A5')": 0.06899641577060932,
    "('5', 'A6')": 0.0429438704867398,
    "('5', 'B1')": 0.2561689596977505,
    "('5', 'B2')": 0.28530116500041314,
    "('5', 'B3')": 0.31198641074638905,
    "('5', 'B4')": 0.09529384219152423,
    "('6', '6')": 1.0,
    "('6', 'A1')": 0.010756972111553785,
    "('6', 'A2')": 0.011010362694300517,
    "('6', 'A3')": 0.005189530685920578,
    "('6', 'A4')": 0.008976660682226212,
    "('6', 'A5')": 0.026790595954073265,
    "('6', 'A6')": 0.008044333214158027,
    "('6', 'B1')": 0.14586984817222431,
    "('6', 'B2')": 0.15105540897097625,
    "('6', 'B3')": 0.07677309285888374,
    "('6', 'B4')": 0.026126954921803128,
    "('A1', 'A1')": 1.0,
    "('A1', 'A2')": 0.7414618330970836,
    "('A1', 'A3')": 0.6274298056155507,
    "('A1', 'A4')": 0.36555075593952485,
    "('A1', 'A5')": 0.32904726150252367,
    "('A1', 'A6')": 0.6685655539429124,
    "('A1', 'B1')": 0.04146856840993133,
    "('A1', 'B2')": 0.05442431481245099,
    "('A1', 'B3')": 0.048515981735159815,
    "('A1', 'B4')": 0.01352657004830918,
    "('A2', 'A2')": 1.0,
    "('A2', 'A3')": 0.6015767131594906,
    "('A2', 'A4')": 0.47010309278350515,
    "('A2', 'A5')": 0.31713202344019303,
    "('A2', 'A6')": 0.5191650695427424,
    "('A2', 'B1')": 0.03945061367621274,
    "('A2', 'B2')": 0.04115320727665686,
    "('A2', 'B3')": 0.04010161628806008,
    "('A2', 'B4')": 0.008209745762711865,
    "('A3', 'A3')": 1.0,
    "('A3', 'A4')": 0.5379467598318081,
    "('A3', 'A5')": 0.3037269369584868,
    "('A3', 'A6')": 0.4596940884663084,
    "('A3', 'B1')": 0.03864278982092366,
    "('A3', 'B2')": 0.04228163475663699,
    "('A3', 'B3')": 0.04532671945594063,
    "('A3', 'B4')": 0.011874469889737066,
    "('A4', 'A4')": 1.0,
    "('A4', 'A5')": 0.1863306605574647,
    "('A4', 'A6')": 0.27628865979381445,
    "('A4', 'B1')": 0.04274844230051397,
    "('A4', 'B2')": 0.051053484602917344,
    "('A4', 'B3')": 0.06686349389728613,
    "('A4', 'B4')": 0.008242664029014177,
    "('A5', 'A5')": 1.0,
    "('A5', 'A6')": 0.35119975729696545,
    "('A5', 'B1')": 0.050359712230215826,
    "('A5', 'B2')": 0.06355685131195335,
    "('A5', 'B3')": 0.06526511313745356,
    "('A5', 'B4')": 0.0319495761790915,
    "('A6', 'A6')": 1.0,
    "('A6', 'B1')": 0.0447313811390362,
    "('A6', 'B2')": 0.07070847395669792,
    "('A6', 'B3')": 0.07305071915215745,
    "('A6', 'B4')": 0.021982758620689654,
    "('B1', 'B1')": 1.0,
    "('B1', 'B2')": 0.46960110041265474,
    "('B1', 'B3')": 0.35914505956552206,
    "('B1', 'B4')": 0.11939775048608206,
    "('B2', 'B2')": 1.0,
    "('B2', 'B3')": 0.3410411343252987,
    "('B2', 'B4')": 0.0977168863541942,
    "('B3', 'B3')": 1.0,
    "('B3', 'B4')": 0.14737173344801932,
    "('B4', 'B4')": 1.0
}