{
    "('celseq', 'celseq')": 1.0,
    "('celseq', 'celseq2')": 0.2392395921835174,
    "('celseq', 'fluidigmc1')": 0.27737972508591063,
    "('celseq', 'inDrop1')": 0.23197170645446508,
    "('celseq', 'inDrop2')": 0.30438481012658225,
    "('celseq', 'inDrop3')": 0.1595644937586685,
    "('celseq', 'inDrop4')": 0.3850190355329949,
    "('celseq', 'smarter')": 0.11688011555127588,
    "('celseq', 'smartseq2')": 0.22164749383730487,
    "('celseq2', 'celseq2')": 1.0,
    "('celseq2', 'fluidigmc1')": 0.10814523184601925,
    "('celseq2', 'inDrop1')": 0.28396787423103215,
    "('celseq2', 'inDrop2')": 0.46127713920817376,
    "('celseq2', 'inDrop3')": 0.30257311510598345,
    "('celseq2', 'inDrop4')": 0.32314249363867675,
    "('celseq2', 'smarter')": 0.3245265392781316,
    "('celseq2', 'smartseq2')": 0.28329446064139946,
    "('fluidigmc1', 'fluidigmc1')": 1.0,
    "('fluidigmc1', 'inDrop1')": 0.22944329896907217,
    "('fluidigmc1', 'inDrop2')": 0.31240528128587824,
    "('fluidigmc1', 'inDrop3')": 0.07252978664449986,
    "('fluidigmc1', 'inDrop4')": 0.3955655430711611,
    "('fluidigmc1', 'smarter')": 0.20679874213836477,
    "('fluidigmc1', 'smartseq2')": 0.13619107217355025,
    "('inDrop1', 'inDrop1')": 1.0,
    "('inDrop1', 'inDrop2')": 0.2798505174396321,
    "('inDrop1', 'inDrop3')": 0.23741793745153789,
    "('inDrop1', 'inDrop4')": 0.3598508853681267,
    "('inDrop1', 'smarter')": 0.2243543428132206,
    "('inDrop1', 'smartseq2')": 0.1735082872928177,
    "('inDrop2', 'inDrop2')": 1.0,
    "('inDrop2', 'inDrop3')": 0.3165211459754434,
    "('inDrop2', 'inDrop4')": 0.4769588744588744,
    "('inDrop2', 'smarter')": 0.3847076167076167,
    "('inDrop2', 'smartseq2')": 0.2717546645494244,
    "('inDrop3', 'inDrop3')": 1.0,
    "('inDrop3', 'inDrop4')": 0.2130947136563876,
    "('inDrop3', 'smarter')": 0.19784619594964425,
    "('inDrop3', 'smartseq2')": 0.15852476017630282,
    "('inDrop4', 'inDrop4')": 1.0,
    "('inDrop4', 'smarter')": 0.305018162947587,
    "('inDrop4', 'smartseq2')": 0.22390328820116057,
    "('smarter', 'smarter')": 1.0,
    "('smarter', 'smartseq2')": 0.16047693510555122,
    "('smartseq2', 'smartseq2')": 1.0
}