{
    "('celseq', 'celseq')": 1.0,
    "('celseq', 'celseq2')": 0.2191444119292669,
    "('celseq', 'fluidigmc1')": 0.2688064524924183,
    "('celseq', 'inDrop1')": 0.13638400723843033,
    "('celseq', 'inDrop2')": 0.20931632252845186,
    "('celseq', 'inDrop3')": 0.11963004745449095,
    "('celseq', 'inDrop4')": 0.28788373782254617,
    "('celseq', 'smarter')": 0.07126158872680037,
    "('celseq', 'smartseq2')": 0.21920682530232624,
    "('celseq2', 'celseq2')": 1.0,
    "('celseq2', 'fluidigmc1')": 0.11023040596602887,
    "('celseq2', 'inDrop1')": 0.23550931872297515,
    "('celseq2', 'inDrop2')": 0.5561984297076124,
    "('celseq2', 'inDrop3')": 0.3670061610500423,
    "('celseq2', 'inDrop4')": 0.3588553320047989,
    "('celseq2', 'smarter')": 0.5518038587018994,
    "('celseq2', 'smartseq2')": 0.5526215812499358,
    "('fluidigmc1', 'fluidigmc1')": 1.0,
    "('fluidigmc1', 'inDrop1')": 0.1803811516552745,
    "('fluidigmc1', 'inDrop2')": 0.17106014351736387,
    "('fluidigmc1', 'inDrop3')": 0.04493567480943853,
    "('fluidigmc1', 'inDrop4')": 0.27316419622046684,
    "('fluidigmc1', 'smarter')": 0.14028595319721315,
    "('fluidigmc1', 'smartseq2')": 0.12383147600767842,
    "('inDrop1', 'inDrop1')": 1.0,
    "('inDrop1', 'inDrop2')": 0.18827237624892187,
    "('inDrop1', 'inDrop3')": 0.2729111305248175,
    "('inDrop1', 'inDrop4')": 0.324308206437928,
    "('inDrop1', 'smarter')": 0.14901093119817282,
    "('inDrop1', 'smartseq2')": 0.13033271448359138,
    "('inDrop2', 'inDrop2')": 1.0,
    "('inDrop2', 'inDrop3')": 0.27835328553756356,
    "('inDrop2', 'inDrop4')": 0.44417078851244407,
    "('inDrop2', 'smarter')": 0.44024317903799115,
    "('inDrop2', 'smartseq2')": 0.43769959875157777,
    "('inDrop3', 'inDrop3')": 1.0,
    "('inDrop3', 'inDrop4')": 0.19429166156518374,
    "('inDrop3', 'smarter')": 0.26792490957790493,
    "('inDrop3', 'smartseq2')": 0.408617984457908,
    "('inDrop4', 'inDrop4')": 1.0,
    "('inDrop4', 'smarter')": 0.3132228619612991,
    "('inDrop4', 'smartseq2')": 0.22849826490145944,
    "('smarter', 'smarter')": 1.0,
    "('smarter', 'smartseq2')": 0.4269723741875216,
    "('smartseq2', 'smartseq2')": 1.0
}