{
    "('celseq', 'celseq')": 1.0,
    "('celseq', 'celseq2')": 0.3239762107051827,
    "('celseq', 'fluidigmc1')": 0.33100515463917524,
    "('celseq', 'inDrop1')": 0.23490274093722371,
    "('celseq', 'inDrop2')": 0.27684556962025314,
    "('celseq', 'inDrop3')": 0.1705242718446602,
    "('celseq', 'inDrop4')": 0.38717639593908626,
    "('celseq', 'smarter')": 0.10747231584015407,
    "('celseq', 'smartseq2')": 0.2319515201314708,
    "('celseq2', 'celseq2')": 1.0,
    "('celseq2', 'fluidigmc1')": 0.1695406824146982,
    "('celseq2', 'inDrop1')": 0.3214900888585099,
    "('celseq2', 'inDrop2')": 0.5666581524052788,
    "('celseq2', 'inDrop3')": 0.46657365173061444,
    "('celseq2', 'inDrop4')": 0.4163443596268024,
    "('celseq2', 'smarter')": 0.4722887473460722,
    "('celseq2', 'smartseq2')": 0.42299927113702623,
    "('fluidigmc1', 'fluidigmc1')": 1.0,
    "('fluidigmc1', 'inDrop1')": 0.23545876288659792,
    "('fluidigmc1', 'inDrop2')": 0.2827382319173364,
    "('fluidigmc1', 'inDrop3')": 0.13681906345247993,
    "('fluidigmc1', 'inDrop4')": 0.40412734082397,
    "('fluidigmc1', 'smarter')": 0.21469182389937108,
    "('fluidigmc1', 'smartseq2')": 0.22936587400917813,
    "('inDrop1', 'inDrop1')": 1.0,
    "('inDrop1', 'inDrop2')": 0.2970026830203143,
    "('inDrop1', 'inDrop3')": 0.29508658568105456,
    "('inDrop1', 'inDrop4')": 0.4247996272134204,
    "('inDrop1', 'smarter')": 0.2316794773251345,
    "('inDrop1', 'smartseq2')": 0.1716329036218539,
    "('inDrop2', 'inDrop2')": 1.0,
    "('inDrop2', 'inDrop3')": 0.3284447476125512,
    "('inDrop2', 'inDrop4')": 0.5386309523809524,
    "('inDrop2', 'smarter')": 0.524938574938575,
    "('inDrop2', 'smartseq2')": 0.4377570464470028,
    "('inDrop3', 'inDrop3')": 1.0,
    "('inDrop3', 'inDrop4')": 0.28688601321585905,
    "('inDrop3', 'smarter')": 0.2959633278598796,
    "('inDrop3', 'smartseq2')": 0.27256676173191596,
    "('inDrop4', 'inDrop4')": 1.0,
    "('inDrop4', 'smarter')": 0.32874935132330046,
    "('inDrop4', 'smartseq2')": 0.27394584139264994,
    "('smarter', 'smarter')": 1.0,
    "('smarter', 'smartseq2')": 0.296164972634871,
    "('smartseq2', 'smartseq2')": 1.0
}