{
    "('celseq', 'celseq')": 1.0,
    "('celseq', 'celseq2')": 0.7749003984063745,
    "('celseq', 'fluidigmc1')": 0.17031872509960158,
    "('celseq', 'inDrop1')": 0.5916334661354582,
    "('celseq', 'inDrop2')": 0.6322505800464037,
    "('celseq', 'inDrop3')": 0.5438247011952191,
    "('celseq', 'inDrop4')": 0.700199203187251,
    "('celseq', 'smarter')": 0.12250996015936255,
    "('celseq', 'smartseq2')": 0.4402390438247012,
    "('celseq2', 'celseq2')": 1.0,
    "('celseq2', 'fluidigmc1')": 0.07308533916849015,
    "('celseq2', 'inDrop1')": 0.3551884357253485,
    "('celseq2', 'inDrop2')": 0.5023201856148491,
    "('celseq2', 'inDrop3')": 0.24715672676837724,
    "('celseq2', 'inDrop4')": 0.4474290099769762,
    "('celseq2', 'smarter')": 0.03194748358862144,
    "('celseq2', 'smartseq2')": 0.26958424507658646,
    "('fluidigmc1', 'fluidigmc1')": 1.0,
    "('fluidigmc1', 'inDrop1')": 0.10480123902942695,
    "('fluidigmc1', 'inDrop2')": 0.12587006960556846,
    "('fluidigmc1', 'inDrop3')": 0.05520110957004161,
    "('fluidigmc1', 'inDrop4')": 0.15272448196469685,
    "('fluidigmc1', 'smarter')": 0.7620643431635389,
    "('fluidigmc1', 'smartseq2')": 0.780564263322884,
    "('inDrop1', 'inDrop1')": 1.0,
    "('inDrop1', 'inDrop2')": 0.8575116159008777,
    "('inDrop1', 'inDrop3')": 0.8234383066597831,
    "('inDrop1', 'inDrop4')": 0.8683531233866805,
    "('inDrop1', 'smarter')": 0.020650490449148167,
    "('inDrop1', 'smartseq2')": 0.20856995353639649,
    "('inDrop2', 'inDrop2')": 1.0,
    "('inDrop2', 'inDrop3')": 0.8741299303944315,
    "('inDrop2', 'inDrop4')": 0.9147331786542924,
    "('inDrop2', 'smarter')": 0.04524361948955916,
    "('inDrop2', 'smartseq2')": 0.26450116009280744,
    "('inDrop3', 'inDrop3')": 1.0,
    "('inDrop3', 'inDrop4')": 0.7651573292402148,
    "('inDrop3', 'smarter')": 0.013404825737265416,
    "('inDrop3', 'smartseq2')": 0.12510402219140082,
    "('inDrop4', 'inDrop4')": 1.0,
    "('inDrop4', 'smarter')": 0.042977743668457406,
    "('inDrop4', 'smartseq2')": 0.3039140445126631,
    "('smarter', 'smarter')": 1.0,
    "('smarter', 'smartseq2')": 0.7928954423592494,
    "('smartseq2', 'smartseq2')": 1.0
}