{
    "('celseq', 'celseq')": 1.0,
    "('celseq', 'celseq2')": 0.301345357891701,
    "('celseq', 'fluidigmc1')": 0.1640893470790378,
    "('celseq', 'inDrop1')": 0.22033336330530953,
    "('celseq', 'inDrop2')": 0.25924050632911394,
    "('celseq', 'inDrop3')": 0.15301664355062414,
    "('celseq', 'inDrop4')": 0.3199667548437835,
    "('celseq', 'smarter')": 0.06084737602311025,
    "('celseq', 'smartseq2')": 0.2317389612074558,
    "('celseq2', 'celseq2')": 1.0,
    "('celseq2', 'fluidigmc1')": 0.0755894468834031,
    "('celseq2', 'inDrop1')": 0.2004283222925623,
    "('celseq2', 'inDrop2')": 0.3392325001520404,
    "('celseq2', 'inDrop3')": 0.18069990844834574,
    "('celseq2', 'inDrop4')": 0.23814538820900144,
    "('celseq2', 'smarter')": 0.08625747925110983,
    "('celseq2', 'smartseq2')": 0.311199873359756,
    "('fluidigmc1', 'fluidigmc1')": 1.0,
    "('fluidigmc1', 'inDrop1')": 0.08762886597938144,
    "('fluidigmc1', 'inDrop2')": 0.08440587854837363,
    "('fluidigmc1', 'inDrop3')": 0.043225270157938485,
    "('fluidigmc1', 'inDrop4')": 0.10497177823495278,
    "('fluidigmc1', 'smarter')": 0.25716072037447574,
    "('fluidigmc1', 'smartseq2')": 0.20066750104297038,
    "('inDrop1', 'inDrop1')": 1.0,
    "('inDrop1', 'inDrop2')": 0.3589162803242866,
    "('inDrop1', 'inDrop3')": 0.36130715722521267,
    "('inDrop1', 'inDrop4')": 0.4360687860242846,
    "('inDrop1', 'smarter')": 0.03780084479828502,
    "('inDrop1', 'smartseq2')": 0.17403174120443118,
    "('inDrop2', 'inDrop2')": 1.0,
    "('inDrop2', 'inDrop3')": 0.3704492757829962,
    "('inDrop2', 'inDrop4')": 0.5748009670968327,
    "('inDrop2', 'smarter')": 0.05539112050739958,
    "('inDrop2', 'smartseq2')": 0.2536034134380549,
    "('inDrop3', 'inDrop3')": 1.0,
    "('inDrop3', 'inDrop4')": 0.28324498722861174,
    "('inDrop3', 'smarter')": 0.02652736000310001,
    "('inDrop3', 'smartseq2')": 0.14258240628582386,
    "('inDrop4', 'inDrop4')": 1.0,
    "('inDrop4', 'smarter')": 0.05586534782175675,
    "('inDrop4', 'smartseq2')": 0.21773479475607135,
    "('smarter', 'smarter')": 1.0,
    "('smarter', 'smartseq2')": 0.4116795430752309,
    "('smartseq2', 'smartseq2')": 1.0
}