{
    "('celseq', 'celseq')": 1.0,
    "('celseq', 'celseq2')": 0.29855097316299406,
    "('celseq', 'fluidigmc1')": 0.15721649484536082,
    "('celseq', 'inDrop1')": 0.21900710335835993,
    "('celseq', 'inDrop2')": 0.25063291139240507,
    "('celseq', 'inDrop3')": 0.1540900640363561,
    "('celseq', 'inDrop4')": 0.31636743047115173,
    "('celseq', 'smarter')": 0.059402985074626866,
    "('celseq', 'smartseq2')": 0.23671957214317632,
    "('celseq2', 'celseq2')": 1.0,
    "('celseq2', 'fluidigmc1')": 0.07433808285127007,
    "('celseq2', 'inDrop1')": 0.20384595728914467,
    "('celseq2', 'inDrop2')": 0.33582679559691053,
    "('celseq2', 'inDrop3')": 0.1814791397490992,
    "('celseq2', 'inDrop4')": 0.23848377143542537,
    "('celseq2', 'smarter')": 0.07851766068326578,
    "('celseq2', 'smartseq2')": 0.3186476181893014,
    "('fluidigmc1', 'fluidigmc1')": 1.0,
    "('fluidigmc1', 'inDrop1')": 0.0865979381443299,
    "('fluidigmc1', 'inDrop2')": 0.08323765786452354,
    "('fluidigmc1', 'inDrop3')": 0.0429481850928235,
    "('fluidigmc1', 'inDrop4')": 0.10497177823495278,
    "('fluidigmc1', 'smarter')": 0.2533970192861369,
    "('fluidigmc1', 'smartseq2')": 0.2035878181059658,
    "('inDrop1', 'inDrop1')": 1.0,
    "('inDrop1', 'inDrop2')": 0.3572405068389452,
    "('inDrop1', 'inDrop3')": 0.3641031836110893,
    "('inDrop1', 'inDrop4')": 0.4322370690106765,
    "('inDrop1', 'smarter')": 0.03700047246648661,
    "('inDrop1', 'smartseq2')": 0.17385152144896682,
    "('inDrop2', 'inDrop2')": 1.0,
    "('inDrop2', 'inDrop3')": 0.36919645293315145,
    "('inDrop2', 'inDrop4')": 0.5803241607660212,
    "('inDrop2', 'smarter')": 0.048997200159990865,
    "('inDrop2', 'smartseq2')": 0.2559178988208438,
    "('inDrop3', 'inDrop3')": 1.0,
    "('inDrop3', 'inDrop4')": 0.28437887214726393,
    "('inDrop3', 'smarter')": 0.027299649918929726,
    "('inDrop3', 'smartseq2')": 0.14331909106311685,
    "('inDrop4', 'inDrop4')": 1.0,
    "('inDrop4', 'smarter')": 0.05487568995612587,
    "('inDrop4', 'smartseq2')": 0.2160928433268859,
    "('smarter', 'smarter')": 1.0,
    "('smarter', 'smartseq2')": 0.4076675368733518,
    "('smartseq2', 'smartseq2')": 1.0
}