{
    "('celseq', 'celseq')": 1.0,
    "('celseq', 'celseq2')": 0.735059760956175,
    "('celseq', 'fluidigmc1')": 0.43730407523511,
    "('celseq', 'inDrop1')": 0.499003984063745,
    "('celseq', 'inDrop2')": 0.602589641434263,
    "('celseq', 'inDrop3')": 0.52390438247012,
    "('celseq', 'inDrop4')": 0.543824701195219,
    "('celseq', 'smarter')": 0.458167330677291,
    "('celseq', 'smartseq2')": 0.731075697211155,
    "('celseq2', 'celseq2')": 1.0,
    "('celseq2', 'fluidigmc1')": 0.341692789968652,
    "('celseq2', 'inDrop1')": 0.425916365513681,
    "('celseq2', 'inDrop2')": 0.527262180974478,
    "('celseq2', 'inDrop3')": 0.542231947483589,
    "('celseq2', 'inDrop4')": 0.558710667689946,
    "('celseq2', 'smarter')": 0.406166219839142,
    "('celseq2', 'smartseq2')": 0.530415754923414,
    "('fluidigmc1', 'fluidigmc1')": 1.0,
    "('fluidigmc1', 'inDrop1')": 0.456112852664577,
    "('fluidigmc1', 'inDrop2')": 0.553291536050157,
    "('fluidigmc1', 'inDrop3')": 0.293103448275862,
    "('fluidigmc1', 'inDrop4')": 0.510971786833856,
    "('fluidigmc1', 'smarter')": 0.561128526645768,
    "('fluidigmc1', 'smartseq2')": 0.43730407523511,
    "('inDrop1', 'inDrop1')": 1.0,
    "('inDrop1', 'inDrop2')": 0.376450116009281,
    "('inDrop1', 'inDrop3')": 0.472379969024264,
    "('inDrop1', 'inDrop4')": 0.459708365310821,
    "('inDrop1', 'smarter')": 0.339812332439678,
    "('inDrop1', 'smartseq2')": 0.385131646876613,
    "('inDrop2', 'inDrop2')": 1.0,
    "('inDrop2', 'inDrop3')": 0.494779582366589,
    "('inDrop2', 'inDrop4')": 0.541059094397544,
    "('inDrop2', 'smarter')": 0.357238605898123,
    "('inDrop2', 'smartseq2')": 0.516821345707657,
    "('inDrop3', 'inDrop3')": 1.0,
    "('inDrop3', 'inDrop4')": 0.42056792018419,
    "('inDrop3', 'smarter')": 0.332439678284182,
    "('inDrop3', 'smartseq2')": 0.362155388471178,
    "('inDrop4', 'inDrop4')": 1.0,
    "('inDrop4', 'smarter')": 0.386032233307751,
    "('inDrop4', 'smartseq2')": 0.621642363775902,
    "('smarter', 'smarter')": 1.0,
    "('smarter', 'smartseq2')": 0.392761394101877,
    "('smartseq2', 'smartseq2')": 1.0
}