{
    "('celseq', 'celseq')": 1.0,
    "('celseq', 'celseq2')": 0.367614879649891,
    "('celseq', 'fluidigmc1')": 0.557768924302789,
    "('celseq', 'inDrop1')": 0.98207171314741,
    "('celseq', 'inDrop2')": 0.456496519721578,
    "('celseq', 'inDrop3')": 0.242995839112344,
    "('celseq', 'inDrop4')": 0.901394422310757,
    "('celseq', 'smarter')": 0.596514745308311,
    "('celseq', 'smartseq2')": 0.358813700918964,
    "('celseq2', 'celseq2')": 1.0,
    "('celseq2', 'fluidigmc1')": 0.263457330415755,
    "('celseq2', 'inDrop1')": 0.753226639132679,
    "('celseq2', 'inDrop2')": 0.931554524361949,
    "('celseq2', 'inDrop3')": 0.901969365426696,
    "('celseq2', 'inDrop4')": 0.487527352297593,
    "('celseq2', 'smarter')": 0.947050938337802,
    "('celseq2', 'smartseq2')": 0.72253829321663,
    "('fluidigmc1', 'fluidigmc1')": 1.0,
    "('fluidigmc1', 'inDrop1')": 0.309241094475994,
    "('fluidigmc1', 'inDrop2')": 0.35614849187935,
    "('fluidigmc1', 'inDrop3')": 0.172260748959778,
    "('fluidigmc1', 'inDrop4')": 0.461243284727552,
    "('fluidigmc1', 'smarter')": 0.400134048257373,
    "('fluidigmc1', 'smartseq2')": 0.25187969924812,
    "('inDrop1', 'inDrop1')": 1.0,
    "('inDrop1', 'inDrop2')": 0.758700696055684,
    "('inDrop1', 'inDrop3')": 0.975219411461022,
    "('inDrop1', 'inDrop4')": 0.96392939370683,
    "('inDrop1', 'smarter')": 0.867292225201072,
    "('inDrop1', 'smartseq2')": 0.706246773360867,
    "('inDrop2', 'inDrop2')": 1.0,
    "('inDrop2', 'inDrop3')": 0.405547850208044,
    "('inDrop2', 'inDrop4')": 0.993092862624712,
    "('inDrop2', 'smarter')": 0.82372654155496,
    "('inDrop2', 'smartseq2')": 0.883990719257541,
    "('inDrop3', 'inDrop3')": 1.0,
    "('inDrop3', 'inDrop4')": 0.315117891816921,
    "('inDrop3', 'smarter')": 0.378085991678225,
    "('inDrop3', 'smartseq2')": 0.850041771094403,
    "('inDrop4', 'inDrop4')": 1.0,
    "('inDrop4', 'smarter')": 0.902532617037606,
    "('inDrop4', 'smartseq2')": 0.457393483709273,
    "('smarter', 'smarter')": 1.0,
    "('smarter', 'smartseq2')": 0.918230563002681,
    "('smartseq2', 'smartseq2')": 1.0
}