{
    "('celseq', 'celseq')": 1.0,
    "('celseq', 'celseq2')": 0.3109600679694138,
    "('celseq', 'fluidigmc1')": 0.3433591065292096,
    "('celseq', 'inDrop1')": 0.20879752431476573,
    "('celseq', 'inDrop2')": 0.30055189873417715,
    "('celseq', 'inDrop3')": 0.19229403606102635,
    "('celseq', 'inDrop4')": 0.40991116751269036,
    "('celseq', 'smarter')": 0.1578526721232547,
    "('celseq', 'smartseq2')": 0.35109695973705835,
    "('celseq2', 'celseq2')": 1.0,
    "('celseq2', 'fluidigmc1')": 0.21942694663167106,
    "('celseq2', 'inDrop1')": 0.3312952836637047,
    "('celseq2', 'inDrop2')": 0.6093614303959132,
    "('celseq2', 'inDrop3')": 0.47384759860477593,
    "('celseq2', 'inDrop4')": 0.473969465648855,
    "('celseq2', 'smarter')": 0.502416135881104,
    "('celseq2', 'smartseq2')": 0.6425327988338193,
    "('fluidigmc1', 'fluidigmc1')": 1.0,
    "('fluidigmc1', 'inDrop1')": 0.2487577319587629,
    "('fluidigmc1', 'inDrop2')": 0.286113662456946,
    "('fluidigmc1', 'inDrop3')": 0.09888611803823776,
    "('fluidigmc1', 'inDrop4')": 0.4029063670411985,
    "('fluidigmc1', 'smarter')": 0.22564150943396225,
    "('fluidigmc1', 'smartseq2')": 0.19459324155193994,
    "('inDrop1', 'inDrop1')": 1.0,
    "('inDrop1', 'inDrop2')": 0.3056113453430433,
    "('inDrop1', 'inDrop3')": 0.30250452313259235,
    "('inDrop1', 'inDrop4')": 0.42546598322460394,
    "('inDrop1', 'smarter')": 0.22623750960799383,
    "('inDrop1', 'smartseq2')": 0.22672498465316146,
    "('inDrop2', 'inDrop2')": 1.0,
    "('inDrop2', 'inDrop3')": 0.34922237380627563,
    "('inDrop2', 'inDrop4')": 0.5670075757575758,
    "('inDrop2', 'smarter')": 0.517970515970516,
    "('inDrop2', 'smartseq2')": 0.5098451766574037,
    "('inDrop3', 'inDrop3')": 1.0,
    "('inDrop3', 'inDrop4')": 0.2874779735682819,
    "('inDrop3', 'smarter')": 0.3211850027367269,
    "('inDrop3', 'smartseq2')": 0.45201192636764326,
    "('inDrop4', 'inDrop4')": 1.0,
    "('inDrop4', 'smarter')": 0.34053969901401143,
    "('inDrop4', 'smartseq2')": 0.3239690522243714,
    "('smarter', 'smarter')": 1.0,
    "('smarter', 'smartseq2')": 0.44644644253322907,
    "('smartseq2', 'smartseq2')": 1.0
}