{
    "('celseq', 'celseq')": 1.0,
    "('celseq', 'celseq2')": 0.28787874579294587,
    "('celseq', 'fluidigmc1')": 0.2925264356326462,
    "('celseq', 'inDrop1')": 0.2360113487973021,
    "('celseq', 'inDrop2')": 0.2654651315042365,
    "('celseq', 'inDrop3')": 0.13995350309346566,
    "('celseq', 'inDrop4')": 0.29824083115270666,
    "('celseq', 'smarter')": 0.09726667373901407,
    "('celseq', 'smartseq2')": 0.24534933614898435,
    "('celseq2', 'celseq2')": 1.0,
    "('celseq2', 'fluidigmc1')": 0.1641435720293957,
    "('celseq2', 'inDrop1')": 0.3155278741091098,
    "('celseq2', 'inDrop2')": 0.5015226233868738,
    "('celseq2', 'inDrop3')": 0.3976671499116407,
    "('celseq2', 'inDrop4')": 0.34885071407099233,
    "('celseq2', 'smarter')": 0.3571418112599753,
    "('celseq2', 'smartseq2')": 0.49460886635002765,
    "('fluidigmc1', 'fluidigmc1')": 1.0,
    "('fluidigmc1', 'inDrop1')": 0.24372676515439404,
    "('fluidigmc1', 'inDrop2')": 0.3022608129226202,
    "('fluidigmc1', 'inDrop3')": 0.13401976080171757,
    "('fluidigmc1', 'inDrop4')": 0.30019403743066,
    "('fluidigmc1', 'smarter')": 0.2944996866671196,
    "('fluidigmc1', 'smartseq2')": 0.19437431368142347,
    "('inDrop1', 'inDrop1')": 1.0,
    "('inDrop1', 'inDrop2')": 0.2970737050443255,
    "('inDrop1', 'inDrop3')": 0.2742163891403789,
    "('inDrop1', 'inDrop4')": 0.3593039254396076,
    "('inDrop1', 'smarter')": 0.21184216141936746,
    "('inDrop1', 'smartseq2')": 0.21259787774106048,
    "('inDrop2', 'inDrop2')": 1.0,
    "('inDrop2', 'inDrop3')": 0.33578394792721694,
    "('inDrop2', 'inDrop4')": 0.48122226681314995,
    "('inDrop2', 'smarter')": 0.3811302211302212,
    "('inDrop2', 'smartseq2')": 0.4339938655514431,
    "('inDrop3', 'inDrop3')": 1.0,
    "('inDrop3', 'inDrop4')": 0.22659039325381738,
    "('inDrop3', 'smarter')": 0.21720750269123137,
    "('inDrop3', 'smartseq2')": 0.3159850781658485,
    "('inDrop4', 'inDrop4')": 1.0,
    "('inDrop4', 'smarter')": 0.3272375908185161,
    "('inDrop4', 'smartseq2')": 0.3242629084795892,
    "('smarter', 'smarter')": 1.0,
    "('smarter', 'smartseq2')": 0.31117761836884783,
    "('smartseq2', 'smartseq2')": 1.0
}