{
    "('celseq', 'celseq')": 1.0,
    "('celseq', 'celseq2')": 0.22054005389640866,
    "('celseq', 'fluidigmc1')": 0.26811988618664834,
    "('celseq', 'inDrop1')": 0.13669074391862998,
    "('celseq', 'inDrop2')": 0.2162229922919326,
    "('celseq', 'inDrop3')": 0.12059501927259234,
    "('celseq', 'inDrop4')": 0.28951369171813607,
    "('celseq', 'smarter')": 0.07206187923707022,
    "('celseq', 'smartseq2')": 0.22330587605406044,
    "('celseq2', 'celseq2')": 1.0,
    "('celseq2', 'fluidigmc1')": 0.11012104463619511,
    "('celseq2', 'inDrop1')": 0.2348208548970956,
    "('celseq2', 'inDrop2')": 0.5625484967415192,
    "('celseq2', 'inDrop3')": 0.36791986209057903,
    "('celseq2', 'inDrop4')": 0.3606745969920029,
    "('celseq2', 'smarter')": 0.5609264186422288,
    "('celseq2', 'smartseq2')": 0.494140877545352,
    "('fluidigmc1', 'fluidigmc1')": 1.0,
    "('fluidigmc1', 'inDrop1')": 0.17580020872295346,
    "('fluidigmc1', 'inDrop2')": 0.17106014351736387,
    "('fluidigmc1', 'inDrop3')": 0.04493567480943853,
    "('fluidigmc1', 'inDrop4')": 0.2745150844347828,
    "('fluidigmc1', 'smarter')": 0.13959839323558862,
    "('fluidigmc1', 'smartseq2')": 0.12788416091142718,
    "('inDrop1', 'inDrop1')": 1.0,
    "('inDrop1', 'inDrop2')": 0.18745700883689373,
    "('inDrop1', 'inDrop3')": 0.27275549600390336,
    "('inDrop1', 'inDrop4')": 0.3248181371371485,
    "('inDrop1', 'smarter')": 0.14890527450517418,
    "('inDrop1', 'smartseq2')": 0.13189144896468155,
    "('inDrop2', 'inDrop2')": 1.0,
    "('inDrop2', 'inDrop3')": 0.27635336046897435,
    "('inDrop2', 'inDrop4')": 0.4472370465829307,
    "('inDrop2', 'smarter')": 0.43986825044635813,
    "('inDrop2', 'smartseq2')": 0.44469461480541006,
    "('inDrop3', 'inDrop3')": 1.0,
    "('inDrop3', 'inDrop4')": 0.1960871262961556,
    "('inDrop3', 'smarter')": 0.27147185913665983,
    "('inDrop3', 'smartseq2')": 0.38111875973588605,
    "('inDrop4', 'inDrop4')": 1.0,
    "('inDrop4', 'smarter')": 0.31569700662537625,
    "('inDrop4', 'smartseq2')": 0.2331839038424174,
    "('smarter', 'smarter')": 1.0,
    "('smarter', 'smartseq2')": 0.38542688069913716,
    "('smartseq2', 'smartseq2')": 1.0
}