{
    "('celseq', 'celseq')": 0.9999999965982798,
    "('celseq', 'celseq2')": 0.7382157444953918,
    "('celseq', 'fluidigmc1')": 0.6549954414367676,
    "('celseq', 'inDrop1')": 0.5722439885139465,
    "('celseq', 'inDrop2')": 0.5759341418743134,
    "('celseq', 'inDrop3')": 0.6191222369670868,
    "('celseq', 'inDrop4')": 0.617884486913681,
    "('celseq', 'smarter')": 0.7365981638431549,
    "('celseq', 'smartseq2')": 0.7323582470417023,
    "('celseq2', 'celseq2')": 0.9999999975294092,
    "('celseq2', 'fluidigmc1')": 0.7087045609951019,
    "('celseq2', 'inDrop1')": 0.612145870923996,
    "('celseq2', 'inDrop2')": 0.6123366951942444,
    "('celseq2', 'inDrop3')": 0.5844676196575165,
    "('celseq2', 'inDrop4')": 0.6398437023162842,
    "('celseq2', 'smarter')": 0.7076615393161774,
    "('celseq2', 'smartseq2')": 0.7047044336795807,
    "('fluidigmc1', 'fluidigmc1')": 0.999992040638972,
    "('fluidigmc1', 'inDrop1')": 0.46403318643569946,
    "('fluidigmc1', 'inDrop2')": 0.4386555552482605,
    "('fluidigmc1', 'inDrop3')": 0.4482393264770508,
    "('fluidigmc1', 'inDrop4')": 0.6479273438453674,
    "('fluidigmc1', 'smarter')": 0.7037967443466187,
    "('fluidigmc1', 'smartseq2')": 0.5937249958515167,
    "('inDrop1', 'inDrop1')": 0.9999999975618026,
    "('inDrop1', 'inDrop2')": 0.765699490904808,
    "('inDrop1', 'inDrop3')": 0.7609435021877289,
    "('inDrop1', 'inDrop4')": 0.7966574281454086,
    "('inDrop1', 'smarter')": 0.7467012107372284,
    "('inDrop1', 'smartseq2')": 0.6398537158966064,
    "('inDrop2', 'inDrop2')": 0.9999999973929916,
    "('inDrop2', 'inDrop3')": 0.7460539042949677,
    "('inDrop2', 'inDrop4')": 0.8329160511493683,
    "('inDrop2', 'smarter')": 0.745778352022171,
    "('inDrop2', 'smartseq2')": 0.6757883131504059,
    "('inDrop3', 'inDrop3')": 0.9999999982349176,
    "('inDrop3', 'inDrop4')": 0.7120604813098907,
    "('inDrop3', 'smarter')": 0.6969068050384521,
    "('inDrop3', 'smartseq2')": 0.6361477971076965,
    "('inDrop4', 'inDrop4')": 0.9999999972018279,
    "('inDrop4', 'smarter')": 0.7229466140270233,
    "('inDrop4', 'smartseq2')": 0.6666359603404999,
    "('smarter', 'smarter')": 0.9999999980722138,
    "('smarter', 'smartseq2')": 0.5557455718517303,
    "('smartseq2', 'smartseq2')": 0.9999999974149592
}