{
    "('celseq', 'celseq')": 0.9999921239528837,
    "('celseq', 'celseq2')": 0.2891368651754692,
    "('celseq', 'fluidigmc1')": 0.25662050234902767,
    "('celseq', 'inDrop1')": 0.16859530199691325,
    "('celseq', 'inDrop2')": 0.21688136850731282,
    "('celseq', 'inDrop3')": 0.15736289197132095,
    "('celseq', 'inDrop4')": 0.27311604836870573,
    "('celseq', 'smarter')": 0.13436001028415384,
    "('celseq', 'smartseq2')": 0.2779368720734423,
    "('celseq2', 'celseq2')": 0.9999985976089711,
    "('celseq2', 'fluidigmc1')": 0.17257313595877755,
    "('celseq2', 'inDrop1')": 0.23782610012217084,
    "('celseq2', 'inDrop2')": 0.37964014733735935,
    "('celseq2', 'inDrop3')": 0.2951305155255758,
    "('celseq2', 'inDrop4')": 0.2907199264078245,
    "('celseq2', 'smarter')": 0.38041775542965867,
    "('celseq2', 'smartseq2')": 0.4534101946491194,
    "('fluidigmc1', 'fluidigmc1')": 0.999978484562176,
    "('fluidigmc1', 'inDrop1')": 0.13854368074038595,
    "('fluidigmc1', 'inDrop2')": 0.14158104450776574,
    "('fluidigmc1', 'inDrop3')": 0.07424535330856695,
    "('fluidigmc1', 'inDrop4')": 0.2809691972500376,
    "('fluidigmc1', 'smarter')": 0.22624363438138423,
    "('fluidigmc1', 'smartseq2')": 0.14671436511679495,
    "('inDrop1', 'inDrop1')": 0.9999959179125371,
    "('inDrop1', 'inDrop2')": 0.28339898334969593,
    "('inDrop1', 'inDrop3')": 0.3189187671524143,
    "('inDrop1', 'inDrop4')": 0.37010964826929826,
    "('inDrop1', 'smarter')": 0.20604833031644462,
    "('inDrop1', 'smartseq2')": 0.19054794709436582,
    "('inDrop2', 'inDrop2')": 0.9999952992082276,
    "('inDrop2', 'inDrop3')": 0.3094259815765761,
    "('inDrop2', 'inDrop4')": 0.4887546467477883,
    "('inDrop2', 'smarter')": 0.36999185362084785,
    "('inDrop2', 'smartseq2')": 0.3824166408153979,
    "('inDrop3', 'inDrop3')": 0.9999971887616984,
    "('inDrop3', 'inDrop4')": 0.2501563755179948,
    "('inDrop3', 'smarter')": 0.2504987084170672,
    "('inDrop3', 'smartseq2')": 0.3207393030227699,
    "('inDrop4', 'inDrop4')": 0.9999932130817819,
    "('inDrop4', 'smarter')": 0.2828274741188875,
    "('inDrop4', 'smartseq2')": 0.2613282591969178,
    "('smarter', 'smarter')": 0.999999801443805,
    "('smarter', 'smartseq2')": 0.30932374705179677,
    "('smartseq2', 'smartseq2')": 0.9999993936226781
}