{
    "('1', '1')": 1.0,
    "('1', '2')": 0.7245575221238938,
    "('1', '3')": 0.5692640692640693,
    "('1', '4')": 0.6128318584070797,
    "('1', '5')": 0.7676991150442478,
    "('1', '6')": 0.6891592920353983,
    "('1', 'A1')": 0.37942477876106195,
    "('1', 'A2')": 0.4391592920353982,
    "('1', 'A3')": 0.3019911504424779,
    "('1', 'A4')": 0.3407079646017699,
    "('1', 'A5')": 0.4225663716814159,
    "('1', 'A6')": 0.2997787610619469,
    "('1', 'B1')": 0.5298672566371682,
    "('1', 'B2')": 0.5519911504424779,
    "('1', 'B3')": 0.6747787610619469,
    "('1', 'B4')": 0.5055309734513275,
    "('2', '2')": 1.0,
    "('2', '3')": 0.854978354978355,
    "('2', '4')": 0.5648893360160966,
    "('2', '5')": 0.7595573440643864,
    "('2', '6')": 0.7308853118712274,
    "('2', 'A1')": 0.23088531187122738,
    "('2', 'A2')": 0.24949698189134809,
    "('2', 'A3')": 0.28466557911908646,
    "('2', 'A4')": 0.3843971631205674,
    "('2', 'A5')": 0.29074446680080485,
    "('2', 'A6')": 0.2074688796680498,
    "('2', 'B1')": 0.5774647887323944,
    "('2', 'B2')": 0.5598591549295775,
    "('2', 'B3')": 0.6860282574568289,
    "('2', 'B4')": 0.5201207243460765,
    "('3', '3')": 1.0,
    "('3', '4')": 0.6623376623376623,
    "('3', '5')": 0.9112554112554112,
    "('3', '6')": 0.7922077922077922,
    "('3', 'A1')": 0.4025974025974026,
    "('3', 'A2')": 0.5952380952380952,
    "('3', 'A3')": 0.577922077922078,
    "('3', 'A4')": 0.564935064935065,
    "('3', 'A5')": 0.48917748917748916,
    "('3', 'A6')": 0.38311688311688313,
    "('3', 'B1')": 0.8744588744588745,
    "('3', 'B2')": 0.8225108225108225,
    "('3', 'B3')": 0.8181818181818182,
    "('3', 'B4')": 0.8484848484848485,
    "('4', '4')": 1.0,
    "('4', '5')": 0.6792770071458596,
    "('4', '6')": 0.6545309593409514,
    "('4', 'A1')": 0.13821138211382114,
    "('4', 'A2')": 0.13961485557083905,
    "('4', 'A3')": 0.17128874388254486,
    "('4', 'A4')": 0.251063829787234,
    "('4', 'A5')": 0.20324189526184538,
    "('4', 'A6')": 0.14771784232365145,
    "('4', 'B1')": 0.5163551401869159,
    "('4', 'B2')": 0.48559296329996965,
    "('4', 'B3')": 0.4400837257980115,
    "('4', 'B4')": 0.2991925201869953,
    "('5', '5')": 1.0,
    "('5', '6')": 0.7557797393862967,
    "('5', 'A1')": 0.20650406504065041,
    "('5', 'A2')": 0.17192097519966373,
    "('5', 'A3')": 0.2765089722675367,
    "('5', 'A4')": 0.27092198581560284,
    "('5', 'A5')": 0.3228247162673392,
    "('5', 'A6')": 0.22489626556016598,
    "('5', 'B1')": 0.5285046728971963,
    "('5', 'B2')": 0.5245901639344263,
    "('5', 'B3')": 0.7017268445839875,
    "('5', 'B4')": 0.5809604759881003,
    "('6', '6')": 1.0,
    "('6', 'A1')": 0.10498606379684113,
    "('6', 'A2')": 0.09786311551563952,
    "('6', 'A3')": 0.09380097879282219,
    "('6', 'A4')": 0.14893617021276595,
    "('6', 'A5')": 0.15174976772994736,
    "('6', 'A6')": 0.07618457726850418,
    "('6', 'B1')": 0.38457943925233645,
    "('6', 'B2')": 0.35426144980285107,
    "('6', 'B3')": 0.49293563579277866,
    "('6', 'B4')": 0.4152146196345091,
    "('A1', 'A1')": 1.0,
    "('A1', 'A2')": 0.9724896836313618,
    "('A1', 'A3')": 0.9127243066884176,
    "('A1', 'A4')": 0.9914893617021276,
    "('A1', 'A5')": 0.8742547425474255,
    "('A1', 'A6')": 0.9300813008130081,
    "('A1', 'B1')": 0.1989159891598916,
    "('A1', 'B2')": 0.25691056910569104,
    "('A1', 'B3')": 0.2412349555206698,
    "('A1', 'B4')": 0.17552061198470037,
    "('A2', 'A2')": 1.0,
    "('A2', 'A3')": 0.9250343878954608,
    "('A2', 'A4')": 0.9744680851063829,
    "('A2', 'A5')": 0.8466299862448419,
    "('A2', 'A6')": 0.9167812929848693,
    "('A2', 'B1')": 0.22145804676753783,
    "('A2', 'B2')": 0.22833562585969738,
    "('A2', 'B3')": 0.1988487702773417,
    "('A2', 'B4')": 0.2107947301317467,
    "('A3', 'A3')": 1.0,
    "('A3', 'A4')": 0.9886524822695035,
    "('A3', 'A5')": 0.802610114192496,
    "('A3', 'A6')": 0.8776508972267537,
    "('A3', 'B1')": 0.24796084828711257,
    "('A3', 'B2')": 0.27814029363784665,
    "('A3', 'B3')": 0.2928221859706362,
    "('A3', 'B4')": 0.20654483637909052,
    "('A4', 'A4')": 1.0,
    "('A4', 'A5')": 0.9702127659574468,
    "('A4', 'A6')": 0.9631205673758865,
    "('A4', 'B1')": 0.4368794326241135,
    "('A4', 'B2')": 0.44397163120567373,
    "('A4', 'B3')": 0.43120567375886526,
    "('A4', 'B4')": 0.2822695035460993,
    "('A5', 'A5')": 1.0,
    "('A5', 'A6')": 0.8510373443983402,
    "('A5', 'B1')": 0.22757009345794393,
    "('A5', 'B2')": 0.29010806317539484,
    "('A5', 'B3')": 0.28833071690214546,
    "('A5', 'B4')": 0.16362090947726307,
    "('A6', 'A6')": 1.0,
    "('A6', 'B1')": 0.1897196261682243,
    "('A6', 'B2')": 0.21784232365145229,
    "('A6', 'B3')": 0.18890633176347463,
    "('A6', 'B4')": 0.13982150446238845,
    "('B1', 'B1')": 1.0,
    "('B1', 'B2')": 0.8714953271028038,
    "('B1', 'B3')": 0.6593457943925234,
    "('B1', 'B4')": 0.6205607476635514,
    "('B2', 'B2')": 1.0,
    "('B2', 'B3')": 0.6035790112223233,
    "('B2', 'B4')": 0.46748831279218017,
    "('B3', 'B3')": 1.0,
    "('B3', 'B4')": 0.6740331491712708,
    "('B4', 'B4')": 1.0
}