{
    "('1', '1')": 1.0,
    "('1', '2')": 0.08735540486637415,
    "('1', '3')": 0.1274787535410765,
    "('1', '4')": 0.04891439980034939,
    "('1', '5')": 0.1357592722183345,
    "('1', '6')": 0.04607942973523422,
    "('1', 'A1')": 0.042476276547672845,
    "('1', 'A2')": 0.03024662633783155,
    "('1', 'A3')": 0.04641089108910891,
    "('1', 'A4')": 0.12089447938504543,
    "('1', 'A5')": 0.05274936061381074,
    "('1', 'A6')": 0.06392639984082354,
    "('1', 'B1')": 0.15285359801488835,
    "('1', 'B2')": 0.10670826833073323,
    "('1', 'B3')": 0.21242373821408764,
    "('1', 'B4')": 0.10073452256033578,
    "('2', '2')": 1.0,
    "('2', '3')": 0.17737747484582927,
    "('2', '4')": 0.06640181611804767,
    "('2', '5')": 0.19988173733668604,
    "('2', '6')": 0.15261401557285872,
    "('2', 'A1')": 0.037268770402611534,
    "('2', 'A2')": 0.03335492227979275,
    "('2', 'A3')": 0.032300593276203035,
    "('2', 'A4')": 0.03611650485436893,
    "('2', 'A5')": 0.054363725012189175,
    "('2', 'A6')": 0.027674294837679615,
    "('2', 'B1')": 0.20448210821478885,
    "('2', 'B2')": 0.1328032979976443,
    "('2', 'B3')": 0.1216176033303598,
    "('2', 'B4')": 0.08422120750887874,
    "('3', '3')": 1.0,
    "('3', '4')": 0.06967640918580376,
    "('3', '5')": 0.16028018129377833,
    "('3', '6')": 0.09155979719654041,
    "('3', 'A1')": 0.04632152588555858,
    "('3', 'A2')": 0.03611738148984198,
    "('3', 'A3')": 0.08095238095238096,
    "('3', 'A4')": 0.13993541442411195,
    "('3', 'A5')": 0.06828703703703703,
    "('3', 'A6')": 0.05117820324005891,
    "('3', 'B1')": 0.13160333642261354,
    "('3', 'B2')": 0.09910188912976153,
    "('3', 'B3')": 0.11750108567529004,
    "('3', 'B4')": 0.09156918112141993,
    "('4', '4')": 1.0,
    "('4', '5')": 0.3461052631578947,
    "('4', '6')": 0.42958262880445597,
    "('4', 'A1')": 0.025947736474052265,
    "('4', 'A2')": 0.017620273213225103,
    "('4', 'A3')": 0.01308170705554364,
    "('4', 'A4')": 0.014532243415077202,
    "('4', 'A5')": 0.034482758620689655,
    "('4', 'A6')": 0.02300766922307436,
    "('4', 'B1')": 0.26141769743101806,
    "('4', 'B2')": 0.29938384643557314,
    "('4', 'B3')": 0.14169516709577426,
    "('4', 'B4')": 0.029751785107106427,
    "('5', '5')": 1.0,
    "('5', '6')": 0.38118523988526565,
    "('5', 'A1')": 0.03433055419323198,
    "('5', 'A2')": 0.03461330448891293,
    "('5', 'A3')": 0.02917620137299771,
    "('5', 'A4')": 0.03359086328518643,
    "('5', 'A5')": 0.06984494579743347,
    "('5', 'A6')": 0.04263365629943698,
    "('5', 'B1')": 0.3672942457188315,
    "('5', 'B2')": 0.4082652294457904,
    "('5', 'B3')": 0.4345340041390138,
    "('5', 'B4')": 0.10385338345864661,
    "('6', '6')": 1.0,
    "('6', 'A1')": 0.013466550825369244,
    "('6', 'A2')": 0.016341352700862462,
    "('6', 'A3')": 0.011063011063011063,
    "('6', 'A4')": 0.022381635581061692,
    "('6', 'A5')": 0.03153669724770642,
    "('6', 'A6')": 0.010507173166296221,
    "('6', 'B1')": 0.24657690231352766,
    "('6', 'B2')": 0.3912786274414543,
    "('6', 'B3')": 0.14224369296833064,
    "('6', 'B4')": 0.03065367438083638,
    "('A1', 'A1')": 1.0,
    "('A1', 'A2')": 0.7416134107726299,
    "('A1', 'A3')": 0.6356756756756756,
    "('A1', 'A4')": 0.3720302375809935,
    "('A1', 'A5')": 0.33209765107324357,
    "('A1', 'A6')": 0.6643255953818485,
    "('A1', 'B1')": 0.05660377358490566,
    "('A1', 'B2')": 0.07331329981319507,
    "('A1', 'B3')": 0.06843331391962726,
    "('A1', 'B4')": 0.02641232575201761,
    "('A2', 'A2')": 1.0,
    "('A2', 'A3')": 0.6013349514563107,
    "('A2', 'A4')": 0.47835051546391755,
    "('A2', 'A5')": 0.3178706370280049,
    "('A2', 'A6')": 0.5347198783605407,
    "('A2', 'B1')": 0.0486646884272997,
    "('A2', 'B2')": 0.05222144007797376,
    "('A2', 'B3')": 0.05329780146568954,
    "('A2', 'B4')": 0.018459069020866775,
    "('A3', 'A3')": 1.0,
    "('A3', 'A4')": 0.5466237942122186,
    "('A3', 'A5')": 0.30838564856658524,
    "('A3', 'A6')": 0.462970624741415,
    "('A3', 'B1')": 0.050557880055788006,
    "('A3', 'B2')": 0.04868172484599589,
    "('A3', 'B3')": 0.057152875175315566,
    "('A3', 'B4')": 0.020530367835757058,
    "('A4', 'A4')": 1.0,
    "('A4', 'A5')": 0.18480336006109202,
    "('A4', 'A6')": 0.27876288659793813,
    "('A4', 'B1')": 0.06484018264840183,
    "('A4', 'B2')": 0.08258527827648116,
    "('A4', 'B3')": 0.08898650096421684,
    "('A4', 'B4')": 0.02529815684857246,
    "('A5', 'A5')": 1.0,
    "('A5', 'A6')": 0.3698916381349052,
    "('A5', 'B1')": 0.0624633431085044,
    "('A5', 'B2')": 0.07777521347795985,
    "('A5', 'B3')": 0.08366115919223709,
    "('A5', 'B4')": 0.035611590356115906,
    "('A6', 'A6')": 1.0,
    "('A6', 'B1')": 0.05292114225831805,
    "('A6', 'B2')": 0.09045637083868141,
    "('A6', 'B3')": 0.08197159887422817,
    "('A6', 'B4')": 0.029507485354740726,
    "('B1', 'B1')": 1.0,
    "('B1', 'B2')": 0.4376891334250344,
    "('B1', 'B3')": 0.31955150665732307,
    "('B1', 'B4')": 0.11352169525731584,
    "('B2', 'B2')": 1.0,
    "('B2', 'B3')": 0.3126647315373202,
    "('B2', 'B4')": 0.09267241379310345,
    "('B3', 'B3')": 1.0,
    "('B3', 'B4')": 0.14348422496570645,
    "('B4', 'B4')": 1.0
}