{
    "('1', '1')": 1.0,
    "('1', '2')": 0.08133433283358321,
    "('1', '3')": 0.10650406504065041,
    "('1', '4')": 0.043566135189759714,
    "('1', '5')": 0.13610916724982505,
    "('1', '6')": 0.04634084578374272,
    "('1', 'A1')": 0.024990675121223424,
    "('1', 'A2')": 0.016379310344827588,
    "('1', 'A3')": 0.018651362984218076,
    "('1', 'A4')": 0.02158730158730159,
    "('1', 'A5')": 0.04793650793650794,
    "('1', 'A6')": 0.04595879556259905,
    "('1', 'B1')": 0.10768099963248806,
    "('1', 'B2')": 0.08882521489971347,
    "('1', 'B3')": 0.14586846543001686,
    "('1', 'B4')": 0.09747784594410361,
    "('2', '2')": 1.0,
    "('2', '3')": 0.17792924375202857,
    "('2', '4')": 0.06413345690454124,
    "('2', '5')": 0.19876386435854138,
    "('2', '6')": 0.1498443752779013,
    "('2', 'A1')": 0.02529601722282024,
    "('2', 'A2')": 0.028863499699338546,
    "('2', 'A3')": 0.019482593420632386,
    "('2', 'A4')": 0.027360308285163778,
    "('2', 'A5')": 0.048336922708782,
    "('2', 'A6')": 0.02427637721755369,
    "('2', 'B1')": 0.12045533436016372,
    "('2', 'B2')": 0.0948401921871736,
    "('2', 'B3')": 0.10847589210498786,
    "('2', 'B4')": 0.08025,
    "('3', '3')": 1.0,
    "('3', '4')": 0.06451612903225806,
    "('3', '5')": 0.15822002472187885,
    "('3', '6')": 0.09238969499555819,
    "('3', 'A1')": 0.023978685612788632,
    "('3', 'A2')": 0.030107526881720432,
    "('3', 'A3')": 0.013813813813813814,
    "('3', 'A4')": 0.03365810451727192,
    "('3', 'A5')": 0.051319648093841645,
    "('3', 'A6')": 0.01627742392073602,
    "('3', 'B1')": 0.11206896551724138,
    "('3', 'B2')": 0.08225198454053347,
    "('3', 'B3')": 0.09880592870283592,
    "('3', 'B4')": 0.07757296466973887,
    "('4', '4')": 1.0,
    "('4', '5')": 0.35105065910795374,
    "('4', '6')": 0.42086994568482317,
    "('4', 'A1')": 0.01686921821150009,
    "('4', 'A2')": 0.012419949543954978,
    "('4', 'A3')": 0.01073743922204214,
    "('4', 'A4')": 0.011317338162064282,
    "('4', 'A5')": 0.03284732696497402,
    "('4', 'A6')": 0.015473251028806584,
    "('4', 'B1')": 0.25056586690810323,
    "('4', 'B2')": 0.29971876255524305,
    "('4', 'B3')": 0.1310054254687722,
    "('4', 'B4')": 0.02794142400269315,
    "('5', '5')": 1.0,
    "('5', '6')": 0.37706282547818504,
    "('5', 'A1')": 0.03381524136241117,
    "('5', 'A2')": 0.029577843506318903,
    "('5', 'A3')": 0.02767475035663338,
    "('5', 'A4')": 0.03013056578506863,
    "('5', 'A5')": 0.06873713991769548,
    "('5', 'A6')": 0.04326339333262329,
    "('5', 'B1')": 0.3612756707202734,
    "('5', 'B2')": 0.41487018797173536,
    "('5', 'B3')": 0.4339974181871415,
    "('5', 'B4')": 0.09716693982673846,
    "('6', '6')": 1.0,
    "('6', 'A1')": 0.01055776892430279,
    "('6', 'A2')": 0.011010362694300517,
    "('6', 'A3')": 0.005189530685920578,
    "('6', 'A4')": 0.008976660682226212,
    "('6', 'A5')": 0.026243849097867686,
    "('6', 'A6')": 0.008044333214158027,
    "('6', 'B1')": 0.20134189721858614,
    "('6', 'B2')": 0.24593147545403765,
    "('6', 'B3')": 0.12722398245186448,
    "('6', 'B4')": 0.02686292548298068,
    "('A1', 'A1')": 1.0,
    "('A1', 'A2')": 0.7432687881155464,
    "('A1', 'A3')": 0.6285097192224622,
    "('A1', 'A4')": 0.37365010799136067,
    "('A1', 'A5')": 0.3319281066199474,
    "('A1', 'A6')": 0.669064465408805,
    "('A1', 'B1')": 0.03671421024828315,
    "('A1', 'B2')": 0.05722569704042744,
    "('A1', 'B3')": 0.04467493824388053,
    "('A1', 'B4')": 0.013768115942028985,
    "('A2', 'A2')": 1.0,
    "('A2', 'A3')": 0.6027895694360218,
    "('A2', 'A4')": 0.474914089347079,
    "('A2', 'A5')": 0.3135149868128873,
    "('A2', 'A6')": 0.5336932603458139,
    "('A2', 'B1')": 0.03360607831677381,
    "('A2', 'B2')": 0.040537992205492535,
    "('A2', 'B3')": 0.042365892272007655,
    "('A2', 'B4')": 0.008209745762711865,
    "('A3', 'A3')": 1.0,
    "('A3', 'A4')": 0.5466237942122186,
    "('A3', 'A5')": 0.3062142325509143,
    "('A3', 'A6')": 0.46796196775527077,
    "('A3', 'B1')": 0.04052780395852969,
    "('A3', 'B2')": 0.04392008424572482,
    "('A3', 'B3')": 0.03865621640063222,
    "('A3', 'B4')": 0.011874469889737066,
    "('A4', 'A4')": 1.0,
    "('A4', 'A5')": 0.18403970981290568,
    "('A4', 'A6')": 0.2775257731958763,
    "('A4', 'B1')": 0.042444080741953084,
    "('A4', 'B2')": 0.04997298757428417,
    "('A4', 'B3')": 0.05867804841521988,
    "('A4', 'B4')": 0.008242664029014177,
    "('A5', 'A5')": 1.0,
    "('A5', 'A6')": 0.37539245221784007,
    "('A5', 'B1')": 0.04989556741703412,
    "('A5', 'B2')": 0.0662779397473275,
    "('A5', 'B3')": 0.07387706855791962,
    "('A5', 'B4')": 0.03216692023473158,
    "('A6', 'A6')": 1.0,
    "('A6', 'B1')": 0.04127276919529629,
    "('A6', 'B2')": 0.07022481671822074,
    "('A6', 'B3')": 0.06570499341127653,
    "('A6', 'B4')": 0.022629310344827586,
    "('B1', 'B1')": 1.0,
    "('B1', 'B2')": 0.4371389270976616,
    "('B1', 'B3')": 0.3269096005606167,
    "('B1', 'B4')": 0.1193239152371342,
    "('B2', 'B2')": 1.0,
    "('B2', 'B3')": 0.31148293622248385,
    "('B2', 'B4')": 0.0932601880877743,
    "('B3', 'B3')": 1.0,
    "('B3', 'B4')": 0.14732510288065845,
    "('B4', 'B4')": 1.0
}