{
    "('1', '1')": 1.0,
    "('1', '2')": 0.7466814159292036,
    "('1', '3')": 0.5887445887445888,
    "('1', '4')": 0.497787610619469,
    "('1', '5')": 0.8418141592920354,
    "('1', '6')": 0.6471238938053098,
    "('1', 'A1')": 0.39048672566371684,
    "('1', 'A2')": 0.375,
    "('1', 'A3')": 0.290929203539823,
    "('1', 'A4')": 0.31194690265486724,
    "('1', 'A5')": 0.35508849557522126,
    "('1', 'A6')": 0.3053097345132743,
    "('1', 'B1')": 0.1426991150442478,
    "('1', 'B2')": 0.17146017699115043,
    "('1', 'B3')": 0.18252212389380532,
    "('1', 'B4')": 0.07964601769911504,
    "('2', '2')": 1.0,
    "('2', '3')": 0.9069264069264069,
    "('2', '4')": 0.4984909456740443,
    "('2', '5')": 0.7610663983903421,
    "('2', '6')": 0.6463782696177063,
    "('2', 'A1')": 0.22276422764227644,
    "('2', 'A2')": 0.2198189134808853,
    "('2', 'A3')": 0.31566068515497553,
    "('2', 'A4')": 0.3049645390070922,
    "('2', 'A5')": 0.2152917505030181,
    "('2', 'A6')": 0.21277665995975856,
    "('2', 'B1')": 0.2152917505030181,
    "('2', 'B2')": 0.18008048289738432,
    "('2', 'B3')": 0.16549295774647887,
    "('2', 'B4')": 0.10613682092555332,
    "('3', '3')": 1.0,
    "('3', '4')": 0.7294372294372294,
    "('3', '5')": 0.9177489177489178,
    "('3', '6')": 0.7770562770562771,
    "('3', 'A1')": 0.42857142857142855,
    "('3', 'A2')": 0.45454545454545453,
    "('3', 'A3')": 0.28354978354978355,
    "('3', 'A4')": 0.3375886524822695,
    "('3', 'A5')": 0.45021645021645024,
    "('3', 'A6')": 0.41774891774891776,
    "('3', 'B1')": 0.5043290043290043,
    "('3', 'B2')": 0.48917748917748916,
    "('3', 'B3')": 0.4155844155844156,
    "('3', 'B4')": 0.2878787878787879,
    "('4', '4')": 1.0,
    "('4', '5')": 0.6603614964270702,
    "('4', '6')": 0.5631145362742492,
    "('4', 'A1')": 0.189159891598916,
    "('4', 'A2')": 0.19807427785419532,
    "('4', 'A3')": 0.233278955954323,
    "('4', 'A4')": 0.3191489361702128,
    "('4', 'A5')": 0.22942643391521197,
    "('4', 'A6')": 0.1987551867219917,
    "('4', 'B1')": 0.0924794047302684,
    "('4', 'B2')": 0.08397555142173797,
    "('4', 'B3')": 0.1151229722658294,
    "('4', 'B4')": 0.06332341691457713,
    "('5', '5')": 1.0,
    "('5', '6')": 0.7326607818411097,
    "('5', 'A1')": 0.3192411924119241,
    "('5', 'A2')": 0.28473177441540576,
    "('5', 'A3')": 0.4102773246329527,
    "('5', 'A4')": 0.48936170212765956,
    "('5', 'A5')": 0.25228595178719865,
    "('5', 'A6')": 0.23734439834024895,
    "('5', 'B1')": 0.1841109709962169,
    "('5', 'B2')": 0.1841109709962169,
    "('5', 'B3')": 0.1034047919293821,
    "('5', 'B4')": 0.07139821504462389,
    "('6', '6')": 1.0,
    "('6', 'A1')": 0.0953929539295393,
    "('6', 'A2')": 0.1028182099721276,
    "('6', 'A3')": 0.19902120717781402,
    "('6', 'A4')": 0.15319148936170213,
    "('6', 'A5')": 0.1741479634247714,
    "('6', 'A6')": 0.11991701244813278,
    "('6', 'B1')": 0.09228863425209043,
    "('6', 'B2')": 0.09538556828739547,
    "('6', 'B3')": 0.09000523286237572,
    "('6', 'B4')": 0.05737356566085848,
    "('A1', 'A1')": 1.0,
    "('A1', 'A2')": 0.8961485557083907,
    "('A1', 'A3')": 0.8719412724306689,
    "('A1', 'A4')": 0.9744680851063829,
    "('A1', 'A5')": 0.8482384823848238,
    "('A1', 'A6')": 0.9409214092140922,
    "('A1', 'B1')": 0.08455284552845528,
    "('A1', 'B2')": 0.08184281842818428,
    "('A1', 'B3')": 0.0695970695970696,
    "('A1', 'B4')": 0.049723756906077346,
    "('A2', 'A2')": 1.0,
    "('A2', 'A3')": 0.8482871125611745,
    "('A2', 'A4')": 0.9163120567375886,
    "('A2', 'A5')": 0.8198074277854195,
    "('A2', 'A6')": 0.8218707015130674,
    "('A2', 'B1')": 0.09284731774415406,
    "('A2', 'B2')": 0.08665749656121045,
    "('A2', 'B3')": 0.08948194662480377,
    "('A2', 'B4')": 0.06119847003824904,
    "('A3', 'A3')": 1.0,
    "('A3', 'A4')": 0.8992907801418439,
    "('A3', 'A5')": 0.8140293637846656,
    "('A3', 'A6')": 0.7748776508972267,
    "('A3', 'B1')": 0.11582381729200653,
    "('A3', 'B2')": 0.09216965742251224,
    "('A3', 'B3')": 0.09209837781266353,
    "('A3', 'B4')": 0.06204844878878028,
    "('A4', 'A4')": 1.0,
    "('A4', 'A5')": 0.9234042553191489,
    "('A4', 'A6')": 0.9418439716312057,
    "('A4', 'B1')": 0.18014184397163122,
    "('A4', 'B2')": 0.18439716312056736,
    "('A4', 'B3')": 0.12482269503546099,
    "('A4', 'B4')": 0.10354609929078014,
    "('A5', 'A5')": 1.0,
    "('A5', 'A6')": 0.7863070539419087,
    "('A5', 'B1')": 0.09626168224299066,
    "('A5', 'B2')": 0.08104738154613467,
    "('A5', 'B3')": 0.08529565672422815,
    "('A5', 'B4')": 0.06502337441563961,
    "('A6', 'A6')": 1.0,
    "('A6', 'B1')": 0.06448598130841121,
    "('A6', 'B2')": 0.06846473029045644,
    "('A6', 'B3')": 0.07221350078492936,
    "('A6', 'B4')": 0.039524011899702505,
    "('B1', 'B1')": 1.0,
    "('B1', 'B2')": 0.9051401869158878,
    "('B1', 'B3')": 0.5373831775700935,
    "('B1', 'B4')": 0.6748831279218019,
    "('B2', 'B2')": 1.0,
    "('B2', 'B3')": 0.6164311878597593,
    "('B2', 'B4')": 0.6179345516362091,
    "('B3', 'B3')": 1.0,
    "('B3', 'B4')": 0.6227106227106227,
    "('B4', 'B4')": 1.0
}