{
    "('1', '1')": 1.0,
    "('1', '2')": 0.07308845577211394,
    "('1', '3')": 0.1048780487804878,
    "('1', '4')": 0.03974848416797665,
    "('1', '5')": 0.10889470001104931,
    "('1', '6')": 0.0407698151430742,
    "('1', 'A1')": 0.02461767997016039,
    "('1', 'A2')": 0.016379310344827588,
    "('1', 'A3')": 0.018651362984218076,
    "('1', 'A4')": 0.02158730158730159,
    "('1', 'A5')": 0.03968253968253968,
    "('1', 'A6')": 0.03391442155309033,
    "('1', 'B1')": 0.06431459022418229,
    "('1', 'B2')": 0.06173482677780672,
    "('1', 'B3')": 0.08509254054504195,
    "('1', 'B4')": 0.07191547375596455,
    "('2', '2')": 1.0,
    "('2', '3')": 0.17087945207294214,
    "('2', '4')": 0.05305751307115253,
    "('2', '5')": 0.17055444625462973,
    "('2', '6')": 0.13407701898011315,
    "('2', 'A1')": 0.02502691065662002,
    "('2', 'A2')": 0.03096812988574865,
    "('2', 'A3')": 0.022037687639731716,
    "('2', 'A4')": 0.028644829800899163,
    "('2', 'A5')": 0.046422589136156975,
    "('2', 'A6')": 0.02427637721755369,
    "('2', 'B1')": 0.0762433669049166,
    "('2', 'B2')": 0.05138009645688958,
    "('2', 'B3')": 0.06304725710326968,
    "('2', 'B4')": 0.04175,
    "('3', '3')": 1.0,
    "('3', '4')": 0.058308356616713235,
    "('3', '5')": 0.14744834893166167,
    "('3', '6')": 0.08261770802487414,
    "('3', 'A1')": 0.023978685612788632,
    "('3', 'A2')": 0.02849462365591398,
    "('3', 'A3')": 0.013813813813813814,
    "('3', 'A4')": 0.03365810451727192,
    "('3', 'A5')": 0.04582111436950147,
    "('3', 'A6')": 0.01627742392073602,
    "('3', 'B1')": 0.07801724137931035,
    "('3', 'B2')": 0.060188300590151435,
    "('3', 'B3')": 0.07310215557638237,
    "('3', 'B4')": 0.05952380952380952,
    "('4', '4')": 1.0,
    "('4', '5')": 0.31540604007243417,
    "('4', '6')": 0.3470868283835865,
    "('4', 'A1')": 0.016687828768365682,
    "('4', 'A2')": 0.012225887832330681,
    "('4', 'A3')": 0.01073743922204214,
    "('4', 'A4')": 0.011317338162064282,
    "('4', 'A5')": 0.02849002849002849,
    "('4', 'A6')": 0.014650205761316872,
    "('4', 'B1')": 0.0499355843505552,
    "('4', 'B2')": 0.06245538644827058,
    "('4', 'B3')": 0.054635055717641545,
    "('4', 'B4')": 0.02229237912645075,
    "('5', '5')": 1.0,
    "('5', '6')": 0.3290659215180814,
    "('5', 'A1')": 0.029894633668218575,
    "('5', 'A2')": 0.0250277049427483,
    "('5', 'A3')": 0.02168330955777461,
    "('5', 'A4')": 0.028951095773995003,
    "('5', 'A5')": 0.06174291450949157,
    "('5', 'A6')": 0.034407285120886144,
    "('5', 'B1')": 0.15619771732157695,
    "('5', 'B2')": 0.15914786967418548,
    "('5', 'B3')": 0.2116919654942228,
    "('5', 'B4')": 0.08007492390540857,
    "('6', '6')": 1.0,
    "('6', 'A1')": 0.010756972111553785,
    "('6', 'A2')": 0.011010362694300517,
    "('6', 'A3')": 0.005189530685920578,
    "('6', 'A4')": 0.008976660682226212,
    "('6', 'A5')": 0.02606160014579916,
    "('6', 'A6')": 0.008044333214158027,
    "('6', 'B1')": 0.06329313997726488,
    "('6', 'B2')": 0.06849253669244182,
    "('6', 'B3')": 0.05044278135467676,
    "('6', 'B4')": 0.022999080036798528,
    "('A1', 'A1')": 1.0,
    "('A1', 'A2')": 0.5615631691648822,
    "('A1', 'A3')": 0.45734341252699784,
    "('A1', 'A4')": 0.3018358531317495,
    "('A1', 'A5')": 0.2547840278646811,
    "('A1', 'A6')": 0.5417331881954522,
    "('A1', 'B1')": 0.02746962493396725,
    "('A1', 'B2')": 0.029588431590656286,
    "('A1', 'B3')": 0.025970319634703195,
    "('A1', 'B4')": 0.012077294685990338,
    "('A2', 'A2')": 1.0,
    "('A2', 'A3')": 0.4263189812007277,
    "('A2', 'A4')": 0.3697594501718213,
    "('A2', 'A5')": 0.2295760082730093,
    "('A2', 'A6')": 0.40159169579069115,
    "('A2', 'B1')": 0.023378141437755698,
    "('A2', 'B2')": 0.024757056918093476,
    "('A2', 'B3')": 0.02643312101910828,
    "('A2', 'B4')": 0.008209745762711865,
    "('A3', 'A3')": 1.0,
    "('A3', 'A4')": 0.37861736334405144,
    "('A3', 'A5')": 0.2215171289418352,
    "('A3', 'A6')": 0.34807771806531623,
    "('A3', 'B1')": 0.027332704995287466,
    "('A3', 'B2')": 0.02816205533596838,
    "('A3', 'B3')": 0.03205791106514995,
    "('A3', 'B4')": 0.01130901894260673,
    "('A4', 'A4')": 1.0,
    "('A4', 'A5')": 0.14891179839633448,
    "('A4', 'A6')": 0.231340206185567,
    "('A4', 'B1')": 0.026129152668906308,
    "('A4', 'B2')": 0.031064289573203674,
    "('A4', 'B3')": 0.03087192323738006,
    "('A4', 'B4')": 0.008242664029014177,
    "('A5', 'A5')": 1.0,
    "('A5', 'A6')": 0.3118310673994793,
    "('A5', 'B1')": 0.03759572986771873,
    "('A5', 'B2')": 0.043731778425655975,
    "('A5', 'B3')": 0.04635258358662614,
    "('A5', 'B4')": 0.027820039121930016,
    "('A6', 'A6')": 1.0,
    "('A6', 'B1')": 0.03389439704865114,
    "('A6', 'B2')": 0.04144218814753419,
    "('A6', 'B3')": 0.039574396500967286,
    "('A6', 'B4')": 0.019827586206896553,
    "('B1', 'B1')": 1.0,
    "('B1', 'B2')": 0.44901264803569635,
    "('B1', 'B3')": 0.2922214435879467,
    "('B1', 'B4')": 0.11553985872855702,
    "('B2', 'B2')": 1.0,
    "('B2', 'B3')": 0.2988596471487767,
    "('B2', 'B4')": 0.08542319749216301,
    "('B3', 'B3')": 1.0,
    "('B3', 'B4')": 0.14483044629470126,
    "('B4', 'B4')": 1.0
}