{
    "('1', '1')": 1.0,
    "('1', '2')": 0.08057439170323095,
    "('1', '3')": 0.12653446647780925,
    "('1', '4')": 0.04492138757174944,
    "('1', '5')": 0.10601819454163751,
    "('1', '6')": 0.039460285132382894,
    "('1', 'A1')": 0.041120650700406686,
    "('1', 'A2')": 0.027378190255220418,
    "('1', 'A3')": 0.04641089108910891,
    "('1', 'A4')": 0.08050314465408805,
    "('1', 'A5')": 0.04635549872122762,
    "('1', 'A6')": 0.05317962067683154,
    "('1', 'B1')": 0.10521091811414392,
    "('1', 'B2')": 0.07238689547581903,
    "('1', 'B3')": 0.11388426696246995,
    "('1', 'B4')": 0.0720531654424624,
    "('2', '2')": 1.0,
    "('2', '3')": 0.17169750081142487,
    "('2', '4')": 0.05559898343077835,
    "('2', '5')": 0.1679163175224205,
    "('2', '6')": 0.13643481864380902,
    "('2', 'A1')": 0.034015486725663714,
    "('2', 'A2')": 0.03465025906735751,
    "('2', 'A3')": 0.034278180619644036,
    "('2', 'A4')": 0.037152103559870545,
    "('2', 'A5')": 0.05095075572891272,
    "('2', 'A6')": 0.028206492815327302,
    "('2', 'B1')": 0.11936241477159641,
    "('2', 'B2')": 0.0705433502330107,
    "('2', 'B3')": 0.10124007669838539,
    "('2', 'B4')": 0.045408422120750885,
    "('3', '3')": 1.0,
    "('3', '4')": 0.06236951983298539,
    "('3', '5')": 0.14627111660486197,
    "('3', '6')": 0.08410378765284819,
    "('3', 'A1')": 0.030893536121673004,
    "('3', 'A2')": 0.035553047404063204,
    "('3', 'A3')": 0.045394736842105265,
    "('3', 'A4')": 0.08198380566801619,
    "('3', 'A5')": 0.05856324011085916,
    "('3', 'A6')": 0.054491899852724596,
    "('3', 'B1')": 0.09777571825764597,
    "('3', 'B2')": 0.08853623143659883,
    "('3', 'B3')": 0.08944723618090453,
    "('3', 'B4')": 0.07745058491327148,
    "('4', '4')": 1.0,
    "('4', '5')": 0.3101548571762369,
    "('4', '6')": 0.34136363636363637,
    "('4', 'A1')": 0.028524107471475893,
    "('4', 'A2')": 0.01722431201742229,
    "('4', 'A3')": 0.013296161269568948,
    "('4', 'A4')": 0.014532243415077202,
    "('4', 'A5')": 0.030827025511634423,
    "('4', 'A6')": 0.025008336112037347,
    "('4', 'B1')": 0.052481798099965234,
    "('4', 'B2')": 0.07057302913192645,
    "('4', 'B3')": 0.06337451218950592,
    "('4', 'B4')": 0.022926497541071976,
    "('5', '5')": 1.0,
    "('5', '6')": 0.32561377489186905,
    "('5', 'A1')": 0.03212358999509563,
    "('5', 'A2')": 0.030557057869118442,
    "('5', 'A3')": 0.02631578947368421,
    "('5', 'A4')": 0.031621921914162424,
    "('5', 'A5')": 0.06344729983232897,
    "('5', 'A6')": 0.03614592599300092,
    "('5', 'B1')": 0.1521351179094965,
    "('5', 'B2')": 0.17336209220814236,
    "('5', 'B3')": 0.21614942718025568,
    "('5', 'B4')": 0.08035714285714286,
    "('6', '6')": 1.0,
    "('6', 'A1')": 0.01368375325803649,
    "('6', 'A2')": 0.016341352700862462,
    "('6', 'A3')": 0.011063011063011063,
    "('6', 'A4')": 0.022820362785254535,
    "('6', 'A5')": 0.031154434250764525,
    "('6', 'A6')": 0.010507173166296221,
    "('6', 'B1')": 0.07297818823914592,
    "('6', 'B2')": 0.09242269437491421,
    "('6', 'B3')": 0.0671353910481454,
    "('6', 'B4')": 0.027608607389362567,
    "('A1', 'A1')": 1.0,
    "('A1', 'A2')": 0.5643086816720257,
    "('A1', 'A3')": 0.4540540540540541,
    "('A1', 'A4')": 0.30885529157667385,
    "('A1', 'A5')": 0.2562492825912283,
    "('A1', 'A6')": 0.556508526850508,
    "('A1', 'B1')": 0.033482142857142856,
    "('A1', 'B2')": 0.04503033131124592,
    "('A1', 'B3')": 0.04432222581688774,
    "('A1', 'B4')": 0.01860217911241031,
    "('A2', 'A2')": 1.0,
    "('A2', 'A3')": 0.4252228406427854,
    "('A2', 'A4')": 0.36013745704467354,
    "('A2', 'A5')": 0.2387030010348396,
    "('A2', 'A6')": 0.4097177897709235,
    "('A2', 'B1')": 0.040652818991097926,
    "('A2', 'B2')": 0.031165644171779142,
    "('A2', 'B3')": 0.033920417482061316,
    "('A2', 'B4')": 0.018459069020866775,
    "('A3', 'A3')": 1.0,
    "('A3', 'A4')": 0.38022508038585207,
    "('A3', 'A5')": 0.20594043638662005,
    "('A3', 'A6')": 0.33347124534546957,
    "('A3', 'B1')": 0.035913528591352856,
    "('A3', 'B2')": 0.038738979428266096,
    "('A3', 'B3')": 0.04663394109396914,
    "('A3', 'B4')": 0.020245223838038208,
    "('A4', 'A4')": 1.0,
    "('A4', 'A5')": 0.15234822451317298,
    "('A4', 'A6')": 0.23628865979381444,
    "('A4', 'B1')": 0.045205479452054796,
    "('A4', 'B2')": 0.05565529622980251,
    "('A4', 'B3')": 0.06128133704735376,
    "('A4', 'B4')": 0.02529815684857246,
    "('A5', 'A5')": 1.0,
    "('A5', 'A6')": 0.3096960926193922,
    "('A5', 'B1')": 0.08529411764705883,
    "('A5', 'B2')": 0.05285021924763443,
    "('A5', 'B3')": 0.0780608052588332,
    "('A5', 'B4')": 0.030524220305242204,
    "('A6', 'A6')": 1.0,
    "('A6', 'B1')": 0.04165575058946817,
    "('A6', 'B2')": 0.05184142622566268,
    "('A6', 'B3')": 0.05292800174806075,
    "('A6', 'B4')": 0.02668691690171404,
    "('B1', 'B1')": 1.0,
    "('B1', 'B2')": 0.4497936726272352,
    "('B1', 'B3')": 0.2908199018920813,
    "('B1', 'B4')": 0.11251261352169525,
    "('B2', 'B2')": 1.0,
    "('B2', 'B3')": 0.2934513256254561,
    "('B2', 'B4')": 0.08953761755485894,
    "('B3', 'B3')": 1.0,
    "('B3', 'B4')": 0.14444125434650845,
    "('B4', 'B4')": 1.0
}