{
    "('celseq', 'celseq')": 1.0,
    "('celseq', 'celseq2')": 0.379868708971554,
    "('celseq', 'fluidigmc1')": 0.595617529880478,
    "('celseq', 'inDrop1')": 0.403717088280847,
    "('celseq', 'inDrop2')": 0.483758700696056,
    "('celseq', 'inDrop3')": 0.262690707350902,
    "('celseq', 'inDrop4')": 0.997011952191235,
    "('celseq', 'smarter')": 0.607908847184987,
    "('celseq', 'smartseq2')": 0.364661654135338,
    "('celseq2', 'celseq2')": 1.0,
    "('celseq2', 'fluidigmc1')": 0.270459518599562,
    "('celseq2', 'inDrop1')": 0.841507485802788,
    "('celseq2', 'inDrop2')": 0.644638949671772,
    "('celseq2', 'inDrop3')": 0.527600554785021,
    "('celseq2', 'inDrop4')": 0.519037199124726,
    "('celseq2', 'smarter')": 0.566739606126915,
    "('celseq2', 'smartseq2')": 0.798249452954048,
    "('fluidigmc1', 'fluidigmc1')": 1.0,
    "('fluidigmc1', 'inDrop1')": 0.319050077439339,
    "('fluidigmc1', 'inDrop2')": 0.354988399071926,
    "('fluidigmc1', 'inDrop3')": 0.173370319001387,
    "('fluidigmc1', 'inDrop4')": 0.466615502686109,
    "('fluidigmc1', 'smarter')": 0.388069705093834,
    "('fluidigmc1', 'smartseq2')": 0.256056808688388,
    "('inDrop1', 'inDrop1')": 1.0,
    "('inDrop1', 'inDrop2')": 0.831206496519722,
    "('inDrop1', 'inDrop3')": 0.43495145631068,
    "('inDrop1', 'inDrop4')": 0.564274651522974,
    "('inDrop1', 'smarter')": 0.869302949061662,
    "('inDrop1', 'smartseq2')": 0.842023748064016,
    "('inDrop2', 'inDrop2')": 1.0,
    "('inDrop2', 'inDrop3')": 0.41997226074896,
    "('inDrop2', 'inDrop4')": 0.674013921113689,
    "('inDrop2', 'smarter')": 0.833780160857909,
    "('inDrop2', 'smartseq2')": 0.610693400167084,
    "('inDrop3', 'inDrop3')": 1.0,
    "('inDrop3', 'inDrop4')": 0.33370319001387,
    "('inDrop3', 'smarter')": 0.375589459084605,
    "('inDrop3', 'smartseq2')": 0.95906432748538,
    "('inDrop4', 'inDrop4')": 1.0,
    "('inDrop4', 'smarter')": 0.92632386799693,
    "('inDrop4', 'smartseq2')": 0.485380116959064,
    "('smarter', 'smarter')": 1.0,
    "('smarter', 'smartseq2')": 0.52172096908939,
    "('smartseq2', 'smartseq2')": 1.0
}