{
    "('celseq', 'celseq')": 1.0,
    "('celseq', 'celseq2')": 0.21946498144449786,
    "('celseq', 'fluidigmc1')": 0.26811988618664834,
    "('celseq', 'inDrop1')": 0.135830659939256,
    "('celseq', 'inDrop2')": 0.21476610844284927,
    "('celseq', 'inDrop3')": 0.11938880449996564,
    "('celseq', 'inDrop4')": 0.2910270631886736,
    "('celseq', 'smarter')": 0.07206187923707022,
    "('celseq', 'smartseq2')": 0.2242859949092389,
    "('celseq2', 'celseq2')": 1.0,
    "('celseq2', 'fluidigmc1')": 0.10972316600023807,
    "('celseq2', 'inDrop1')": 0.2349952640224945,
    "('celseq2', 'inDrop2')": 0.5655902537432991,
    "('celseq2', 'inDrop3')": 0.37024832414794023,
    "('celseq2', 'inDrop4')": 0.36092232257973017,
    "('celseq2', 'smarter')": 0.5591313983758712,
    "('celseq2', 'smartseq2')": 0.49794644052433507,
    "('fluidigmc1', 'fluidigmc1')": 1.0,
    "('fluidigmc1', 'inDrop1')": 0.17834517701868738,
    "('fluidigmc1', 'inDrop2')": 0.17185855659400842,
    "('fluidigmc1', 'inDrop3')": 0.04493567480943853,
    "('fluidigmc1', 'inDrop4')": 0.2737945702247925,
    "('fluidigmc1', 'smarter')": 0.1404600780251938,
    "('fluidigmc1', 'smartseq2')": 0.12627771562538237,
    "('inDrop1', 'inDrop1')": 1.0,
    "('inDrop1', 'inDrop2')": 0.18827237624892187,
    "('inDrop1', 'inDrop3')": 0.27644900349557977,
    "('inDrop1', 'inDrop4')": 0.3242595879917842,
    "('inDrop1', 'smarter')": 0.14828119563852962,
    "('inDrop1', 'smartseq2')": 0.132145465210247,
    "('inDrop2', 'inDrop2')": 1.0,
    "('inDrop2', 'inDrop3')": 0.27951884301843216,
    "('inDrop2', 'inDrop4')": 0.45003208648156445,
    "('inDrop2', 'smarter')": 0.4413679648128898,
    "('inDrop2', 'smartseq2')": 0.4458515128684629,
    "('inDrop3', 'inDrop3')": 1.0,
    "('inDrop3', 'inDrop4')": 0.19495250215560564,
    "('inDrop3', 'smarter')": 0.26871997995764735,
    "('inDrop3', 'smartseq2')": 0.38145565483363575,
    "('inDrop4', 'inDrop4')": 1.0,
    "('inDrop4', 'smarter')": 0.31486949293830835,
    "('inDrop4', 'smartseq2')": 0.23506536738915149,
    "('smarter', 'smarter')": 1.0,
    "('smarter', 'smartseq2')": 0.37787779300682983,
    "('smartseq2', 'smartseq2')": 1.0
}