{
    "('celseq', 'celseq')": 1.0,
    "('celseq', 'celseq2')": 0.2961172472387426,
    "('celseq', 'fluidigmc1')": 0.3272079037800687,
    "('celseq', 'inDrop1')": 0.23514588859416444,
    "('celseq', 'inDrop2')": 0.2703696202531646,
    "('celseq', 'inDrop3')": 0.17939251040221915,
    "('celseq', 'inDrop4')": 0.38512055837563447,
    "('celseq', 'smarter')": 0.15897929706307176,
    "('celseq', 'smartseq2')": 0.33020542317173374,
    "('celseq2', 'celseq2')": 1.0,
    "('celseq2', 'fluidigmc1')": 0.15637795275590555,
    "('celseq2', 'inDrop1')": 0.34299043062200957,
    "('celseq2', 'inDrop2')": 0.5237675606641123,
    "('celseq2', 'inDrop3')": 0.4266246310705662,
    "('celseq2', 'inDrop4')": 0.3732739609838846,
    "('celseq2', 'smarter')": 0.3760721868365181,
    "('celseq2', 'smartseq2')": 0.49927113702623904,
    "('fluidigmc1', 'fluidigmc1')": 1.0,
    "('fluidigmc1', 'inDrop1')": 0.2559948453608248,
    "('fluidigmc1', 'inDrop2')": 0.25866819747416764,
    "('fluidigmc1', 'inDrop3')": 0.10851482405098367,
    "('fluidigmc1', 'inDrop4')": 0.36423970037453185,
    "('fluidigmc1', 'smarter')": 0.2854025157232704,
    "('fluidigmc1', 'smartseq2')": 0.2050688360450563,
    "('inDrop1', 'inDrop1')": 1.0,
    "('inDrop1', 'inDrop2')": 0.27633959371406663,
    "('inDrop1', 'inDrop3')": 0.2862832773326441,
    "('inDrop1', 'inDrop4')": 0.3602516309412862,
    "('inDrop1', 'smarter')": 0.2017371252882398,
    "('inDrop1', 'smartseq2')": 0.21668508287292823,
    "('inDrop2', 'inDrop2')": 1.0,
    "('inDrop2', 'inDrop3')": 0.33981718963165075,
    "('inDrop2', 'inDrop4')": 0.49277056277056275,
    "('inDrop2', 'smarter')": 0.43513513513513513,
    "('inDrop2', 'smartseq2')": 0.4763199682413656,
    "('inDrop3', 'inDrop3')": 1.0,
    "('inDrop3', 'inDrop4')": 0.22376101321585898,
    "('inDrop3', 'smarter')": 0.22905856595511767,
    "('inDrop3', 'smartseq2')": 0.3453772361939331,
    "('inDrop4', 'inDrop4')": 1.0,
    "('inDrop4', 'smarter')": 0.3065179034769071,
    "('inDrop4', 'smartseq2')": 0.36746228239845263,
    "('smarter', 'smarter')": 1.0,
    "('smarter', 'smartseq2')": 0.3333463643471462,
    "('smartseq2', 'smartseq2')": 1.0
}