{
    "('celseq', 'celseq')": 1.0,
    "('celseq', 'celseq2')": 0.3042608326253186,
    "('celseq', 'fluidigmc1')": 0.3301374570446735,
    "('celseq', 'inDrop1')": 0.24373121131741818,
    "('celseq', 'inDrop2')": 0.2805417721518987,
    "('celseq', 'inDrop3')": 0.18056310679611648,
    "('celseq', 'inDrop4')": 0.37885152284263957,
    "('celseq', 'smarter')": 0.11071738083774675,
    "('celseq', 'smartseq2')": 0.32523007395234177,
    "('celseq2', 'celseq2')": 1.0,
    "('celseq2', 'fluidigmc1')": 0.21524496937882764,
    "('celseq2', 'inDrop1')": 0.3265652768284347,
    "('celseq2', 'inDrop2')": 0.6157386121753939,
    "('celseq2', 'inDrop3')": 0.4937322243090958,
    "('celseq2', 'inDrop4')": 0.45248939779474134,
    "('celseq2', 'smarter')": 0.482828025477707,
    "('celseq2', 'smartseq2')": 0.6260714285714286,
    "('fluidigmc1', 'fluidigmc1')": 1.0,
    "('fluidigmc1', 'inDrop1')": 0.23466494845360825,
    "('fluidigmc1', 'inDrop2')": 0.25276119402985076,
    "('fluidigmc1', 'inDrop3')": 0.08110002770850651,
    "('fluidigmc1', 'inDrop4')": 0.35292883895131083,
    "('fluidigmc1', 'smarter')": 0.1752704402515723,
    "('fluidigmc1', 'smartseq2')": 0.19045473508552357,
    "('inDrop1', 'inDrop1')": 1.0,
    "('inDrop1', 'inDrop2')": 0.3503027980068992,
    "('inDrop1', 'inDrop3')": 0.30357715171879035,
    "('inDrop1', 'inDrop4')": 0.42101118359739054,
    "('inDrop1', 'smarter')": 0.20900461183704844,
    "('inDrop1', 'smartseq2')": 0.2125813382443217,
    "('inDrop2', 'inDrop2')": 1.0,
    "('inDrop2', 'inDrop3')": 0.33324965893588,
    "('inDrop2', 'inDrop4')": 0.553073593073593,
    "('inDrop2', 'smarter')": 0.5005110565110565,
    "('inDrop2', 'smartseq2')": 0.514434299325129,
    "('inDrop3', 'inDrop3')": 1.0,
    "('inDrop3', 'inDrop4')": 0.29175660792951535,
    "('inDrop3', 'smarter')": 0.2930623973727422,
    "('inDrop3', 'smartseq2')": 0.4238682914182006,
    "('inDrop4', 'inDrop4')": 1.0,
    "('inDrop4', 'smarter')": 0.33121951219512197,
    "('inDrop4', 'smartseq2')": 0.3414429400386847,
    "('smarter', 'smarter')": 1.0,
    "('smarter', 'smartseq2')": 0.4651524628616106,
    "('smartseq2', 'smartseq2')": 1.0
}