{
    "('celseq', 'celseq')": 1.0,
    "('celseq', 'celseq2')": 0.26575191163976214,
    "('celseq', 'fluidigmc1')": 0.33451030927835046,
    "('celseq', 'inDrop1')": 0.24641467727674624,
    "('celseq', 'inDrop2')": 0.2848253164556962,
    "('celseq', 'inDrop3')": 0.1480998613037448,
    "('celseq', 'inDrop4')": 0.35331852791878166,
    "('celseq', 'smarter')": 0.10823302840635532,
    "('celseq', 'smartseq2')": 0.265,
    "('celseq2', 'celseq2')": 1.0,
    "('celseq2', 'fluidigmc1')": 0.15426509186351708,
    "('celseq2', 'inDrop1')": 0.3167224880382775,
    "('celseq2', 'inDrop2')": 0.4769476372924649,
    "('celseq2', 'inDrop3')": 0.36580627850818354,
    "('celseq2', 'inDrop4')": 0.35100932994062756,
    "('celseq2', 'smarter')": 0.32697664543524413,
    "('celseq2', 'smartseq2')": 0.45323979591836727,
    "('fluidigmc1', 'fluidigmc1')": 1.0,
    "('fluidigmc1', 'inDrop1')": 0.21375773195876288,
    "('fluidigmc1', 'inDrop2')": 0.2471182548794489,
    "('fluidigmc1', 'inDrop3')": 0.09514546965918537,
    "('fluidigmc1', 'inDrop4')": 0.3057902621722846,
    "('fluidigmc1', 'smarter')": 0.22818867924528302,
    "('fluidigmc1', 'smartseq2')": 0.19184397163120567,
    "('inDrop1', 'inDrop1')": 1.0,
    "('inDrop1', 'inDrop2')": 0.2498735147566117,
    "('inDrop1', 'inDrop3')": 0.2809718273455673,
    "('inDrop1', 'inDrop4')": 0.3562767940354146,
    "('inDrop1', 'smarter')": 0.1739315910837817,
    "('inDrop1', 'smartseq2')": 0.22044198895027625,
    "('inDrop2', 'inDrop2')": 1.0,
    "('inDrop2', 'inDrop3')": 0.3182946793997271,
    "('inDrop2', 'inDrop4')": 0.47031385281385285,
    "('inDrop2', 'smarter')": 0.35139557739557736,
    "('inDrop2', 'smartseq2')": 0.4470305676855896,
    "('inDrop3', 'inDrop3')": 1.0,
    "('inDrop3', 'inDrop4')": 0.20282213656387663,
    "('inDrop3', 'smarter')": 0.18721674876847294,
    "('inDrop3', 'smartseq2')": 0.3104511278195488,
    "('inDrop4', 'inDrop4')": 1.0,
    "('inDrop4', 'smarter')": 0.29833419823559937,
    "('inDrop4', 'smartseq2')": 0.3394506769825919,
    "('smarter', 'smarter')": 1.0,
    "('smarter', 'smartseq2')": 0.3068412822517592,
    "('smartseq2', 'smartseq2')": 1.0
}