{
    "('celseq', 'celseq')": 1.0,
    "('celseq', 'celseq2')": 0.8814741035856574,
    "('celseq', 'fluidigmc1')": 0.6354581673306773,
    "('celseq', 'inDrop1')": 0.5059760956175299,
    "('celseq', 'inDrop2')": 0.6354581673306773,
    "('celseq', 'inDrop3')": 0.5597609561752988,
    "('celseq', 'inDrop4')": 0.6324701195219123,
    "('celseq', 'smarter')": 0.3699731903485255,
    "('celseq', 'smartseq2')": 0.7649402390438247,
    "('celseq2', 'celseq2')": 1.0,
    "('celseq2', 'fluidigmc1')": 0.5689655172413793,
    "('celseq2', 'inDrop1')": 0.47496128033040785,
    "('celseq2', 'inDrop2')": 0.5330626450116009,
    "('celseq2', 'inDrop3')": 0.32560175054704593,
    "('celseq2', 'inDrop4')": 0.5947812739831159,
    "('celseq2', 'smarter')": 0.4564343163538874,
    "('celseq2', 'smartseq2')": 0.6849015317286652,
    "('fluidigmc1', 'fluidigmc1')": 1.0,
    "('fluidigmc1', 'inDrop1')": 0.3949843260188088,
    "('fluidigmc1', 'inDrop2')": 0.390282131661442,
    "('fluidigmc1', 'inDrop3')": 0.3824451410658307,
    "('fluidigmc1', 'inDrop4')": 0.4712202609363008,
    "('fluidigmc1', 'smarter')": 0.7241379310344828,
    "('fluidigmc1', 'smartseq2')": 0.7225705329153606,
    "('inDrop1', 'inDrop1')": 1.0,
    "('inDrop1', 'inDrop2')": 0.7099767981438515,
    "('inDrop1', 'inDrop3')": 0.8575116159008777,
    "('inDrop1', 'inDrop4')": 0.7573567372225091,
    "('inDrop1', 'smarter')": 0.2803304078471864,
    "('inDrop1', 'smartseq2')": 0.5539494062983996,
    "('inDrop2', 'inDrop2')": 1.0,
    "('inDrop2', 'inDrop3')": 0.7035962877030162,
    "('inDrop2', 'inDrop4')": 0.8375870069605569,
    "('inDrop2', 'smarter')": 0.20442359249329758,
    "('inDrop2', 'smartseq2')": 0.6635730858468677,
    "('inDrop3', 'inDrop3')": 1.0,
    "('inDrop3', 'inDrop4')": 0.7398311588641596,
    "('inDrop3', 'smarter')": 0.24865951742627346,
    "('inDrop3', 'smartseq2')": 0.3509015256588072,
    "('inDrop4', 'inDrop4')": 1.0,
    "('inDrop4', 'smarter')": 0.29623944742901,
    "('inDrop4', 'smartseq2')": 0.6991557943207981,
    "('smarter', 'smarter')": 1.0,
    "('smarter', 'smartseq2')": 0.6012064343163539,
    "('smartseq2', 'smartseq2')": 1.0
}