{
    "('celseq', 'celseq')": 1.0,
    "('celseq', 'celseq2')": 0.3689604276615669,
    "('celseq', 'fluidigmc1')": 0.3161512027491409,
    "('celseq', 'inDrop1')": 0.2512176115332164,
    "('celseq', 'inDrop2')": 0.29620253164556964,
    "('celseq', 'inDrop3')": 0.18244754625667658,
    "('celseq', 'inDrop4')": 0.361777900907986,
    "('celseq', 'smarter')": 0.13532017332691382,
    "('celseq', 'smartseq2')": 0.3242132847720358,
    "('celseq2', 'celseq2')": 1.0,
    "('celseq2', 'fluidigmc1')": 0.20866141732283464,
    "('celseq2', 'inDrop1')": 0.26257804520740474,
    "('celseq2', 'inDrop2')": 0.38479430318510777,
    "('celseq2', 'inDrop3')": 0.2531574062970635,
    "('celseq2', 'inDrop4')": 0.3320610687022901,
    "('celseq2', 'smarter')": 0.3384396399114351,
    "('celseq2', 'smartseq2')": 0.4547067523568343,
    "('fluidigmc1', 'fluidigmc1')": 1.0,
    "('fluidigmc1', 'inDrop1')": 0.16948562336289602,
    "('fluidigmc1', 'inDrop2')": 0.1744671830563129,
    "('fluidigmc1', 'inDrop3')": 0.09393183707398171,
    "('fluidigmc1', 'inDrop4')": 0.26902938228622675,
    "('fluidigmc1', 'smarter')": 0.28867924528301886,
    "('fluidigmc1', 'smartseq2')": 0.18982060909470172,
    "('inDrop1', 'inDrop1')": 1.0,
    "('inDrop1', 'inDrop2')": 0.3560751245688003,
    "('inDrop1', 'inDrop3')": 0.3806963015832742,
    "('inDrop1', 'inDrop4')": 0.4311071590413571,
    "('inDrop1', 'smarter')": 0.14056458708129785,
    "('inDrop1', 'smartseq2')": 0.23516910389913415,
    "('inDrop2', 'inDrop2')": 1.0,
    "('inDrop2', 'inDrop3')": 0.32660300136425646,
    "('inDrop2', 'inDrop4')": 0.5892857142857143,
    "('inDrop2', 'smarter')": 0.20687960687960688,
    "('inDrop2', 'smartseq2')": 0.4151992030380429,
    "('inDrop3', 'inDrop3')": 1.0,
    "('inDrop3', 'inDrop4')": 0.27979426375480365,
    "('inDrop3', 'smarter')": 0.12588943623426382,
    "('inDrop3', 'smartseq2')": 0.28625034460171056,
    "('inDrop4', 'inDrop4')": 1.0,
    "('inDrop4', 'smarter')": 0.19637641409978782,
    "('inDrop4', 'smartseq2')": 0.31760154738878144,
    "('smarter', 'smarter')": 1.0,
    "('smarter', 'smartseq2')": 0.33561707372019983,
    "('smartseq2', 'smartseq2')": 1.0
}