{
    "('celseq', 'celseq')": 1.0,
    "('celseq', 'celseq2')": 0.3666937469379655,
    "('celseq', 'fluidigmc1')": 0.30498281786941583,
    "('celseq', 'inDrop1')": 0.23209549071618038,
    "('celseq', 'inDrop2')": 0.30734177215189873,
    "('celseq', 'inDrop3')": 0.18314766724702689,
    "('celseq', 'inDrop4')": 0.34732474798026736,
    "('celseq', 'smarter')": 0.13914299470389985,
    "('celseq', 'smartseq2')": 0.31794510204534854,
    "('celseq2', 'celseq2')": 1.0,
    "('celseq2', 'fluidigmc1')": 0.2073490813648294,
    "('celseq2', 'inDrop1')": 0.25908697855181784,
    "('celseq2', 'inDrop2')": 0.3786175935601223,
    "('celseq2', 'inDrop3')": 0.23962310833332737,
    "('celseq2', 'inDrop4')": 0.32264631043256997,
    "('celseq2', 'smarter')": 0.3804835000158807,
    "('celseq2', 'smartseq2')": 0.4620561206755904,
    "('fluidigmc1', 'fluidigmc1')": 1.0,
    "('fluidigmc1', 'inDrop1')": 0.1751261700383902,
    "('fluidigmc1', 'inDrop2')": 0.16892780550905023,
    "('fluidigmc1', 'inDrop3')": 0.09476309226932668,
    "('fluidigmc1', 'inDrop4')": 0.26969223809546644,
    "('fluidigmc1', 'smarter')": 0.28176100628930817,
    "('fluidigmc1', 'smartseq2')": 0.18940342094284524,
    "('inDrop1', 'inDrop1')": 1.0,
    "('inDrop1', 'inDrop2')": 0.3601986281478191,
    "('inDrop1', 'inDrop3')": 0.38469734503960656,
    "('inDrop1', 'inDrop4')": 0.43271018901752845,
    "('inDrop1', 'smarter')": 0.14324611438832596,
    "('inDrop1', 'smartseq2')": 0.22829615408486684,
    "('inDrop2', 'inDrop2')": 1.0,
    "('inDrop2', 'inDrop3')": 0.32714870395634377,
    "('inDrop2', 'inDrop4')": 0.5898268398268398,
    "('inDrop2', 'smarter')": 0.18152421602996435,
    "('inDrop2', 'smartseq2')": 0.4097912469009115,
    "('inDrop3', 'inDrop3')": 1.0,
    "('inDrop3', 'inDrop4')": 0.27973568281938327,
    "('inDrop3', 'smarter')": 0.13314923889782584,
    "('inDrop3', 'smartseq2')": 0.28158049109373984,
    "('inDrop4', 'inDrop4')": 1.0,
    "('inDrop4', 'smarter')": 0.21328489880643486,
    "('inDrop4', 'smartseq2')": 0.33855459820643574,
    "('smarter', 'smarter')": 1.0,
    "('smarter', 'smartseq2')": 0.3201985131392375,
    "('smartseq2', 'smartseq2')": 1.0
}