{
    "('celseq', 'celseq')": 0.9999927088033473,
    "('celseq', 'celseq2')": 0.6301699876785278,
    "('celseq', 'fluidigmc1')": 0.516433596611023,
    "('celseq', 'inDrop1')": 0.4642675518989563,
    "('celseq', 'inDrop2')": 0.4902968406677246,
    "('celseq', 'inDrop3')": 0.5501794815063477,
    "('celseq', 'inDrop4')": 0.5550898015499115,
    "('celseq', 'smarter')": 0.31335312128067017,
    "('celseq', 'smartseq2')": 0.5719262063503265,
    "('celseq2', 'celseq2')": 0.9999934192874207,
    "('celseq2', 'fluidigmc1')": 0.5300781428813934,
    "('celseq2', 'inDrop1')": 0.3462211489677429,
    "('celseq2', 'inDrop2')": 0.43951940536499023,
    "('celseq2', 'inDrop3')": 0.35683053731918335,
    "('celseq2', 'inDrop4')": 0.4325612783432007,
    "('celseq2', 'smarter')": 0.3707452416419983,
    "('celseq2', 'smartseq2')": 0.5636973977088928,
    "('fluidigmc1', 'fluidigmc1')": 0.9999906308066784,
    "('fluidigmc1', 'inDrop1')": 0.20575761795043945,
    "('fluidigmc1', 'inDrop2')": 0.2851186990737915,
    "('fluidigmc1', 'inDrop3')": 0.2315683364868164,
    "('fluidigmc1', 'inDrop4')": 0.28345900774002075,
    "('fluidigmc1', 'smarter')": 0.8304343521595001,
    "('fluidigmc1', 'smartseq2')": 0.853113055229187,
    "('inDrop1', 'inDrop1')": 0.9999739468166808,
    "('inDrop1', 'inDrop2')": 0.7994914799928665,
    "('inDrop1', 'inDrop3')": 0.6344707608222961,
    "('inDrop1', 'inDrop4')": 0.8296246379613876,
    "('inDrop1', 'smarter')": 0.3720695376396179,
    "('inDrop1', 'smartseq2')": 0.37054622173309326,
    "('inDrop2', 'inDrop2')": 0.9999678368694731,
    "('inDrop2', 'inDrop3')": 0.5878857672214508,
    "('inDrop2', 'inDrop4')": 0.9007432237267494,
    "('inDrop2', 'smarter')": 0.6116614043712616,
    "('inDrop2', 'smartseq2')": 0.6123970150947571,
    "('inDrop3', 'inDrop3')": 0.9999803221398906,
    "('inDrop3', 'inDrop4')": 0.5461091697216034,
    "('inDrop3', 'smarter')": 0.2747907042503357,
    "('inDrop3', 'smartseq2')": 0.39753949642181396,
    "('inDrop4', 'inDrop4')": 0.9999659959539713,
    "('inDrop4', 'smarter')": 0.518421858549118,
    "('inDrop4', 'smartseq2')": 0.5690975487232208,
    "('smarter', 'smarter')": 0.9999894758957453,
    "('smarter', 'smartseq2')": 0.8359070122241974,
    "('smartseq2', 'smartseq2')": 0.9999869227858653
}