{
    "('celseq', 'celseq')": 0.9986305157588855,
    "('celseq', 'celseq2')": 0.3050602465969279,
    "('celseq', 'fluidigmc1')": 0.25662050234902767,
    "('celseq', 'inDrop1')": 0.22004547435872646,
    "('celseq', 'inDrop2')": 0.277369636644291,
    "('celseq', 'inDrop3')": 0.20106222138490823,
    "('celseq', 'inDrop4')": 0.33868242210240534,
    "('celseq', 'smarter')": 0.1423127717075293,
    "('celseq', 'smartseq2')": 0.2853982197449848,
    "('celseq2', 'celseq2')": 0.9999092392268578,
    "('celseq2', 'fluidigmc1')": 0.18362502336554223,
    "('celseq2', 'inDrop1')": 0.30740481174041046,
    "('celseq2', 'inDrop2')": 0.48121111325225,
    "('celseq2', 'inDrop3')": 0.3941145750386868,
    "('celseq2', 'inDrop4')": 0.3625101933320566,
    "('celseq2', 'smarter')": 0.43553272532556214,
    "('celseq2', 'smartseq2')": 0.5192432313093117,
    "('fluidigmc1', 'fluidigmc1')": 0.999978484562176,
    "('fluidigmc1', 'inDrop1')": 0.20258912225973974,
    "('fluidigmc1', 'inDrop2')": 0.2151592869469821,
    "('fluidigmc1', 'inDrop3')": 0.10678473483264264,
    "('fluidigmc1', 'inDrop4')": 0.2809691972500376,
    "('fluidigmc1', 'smarter')": 0.23810094055139794,
    "('fluidigmc1', 'smartseq2')": 0.1698404963085141,
    "('inDrop1', 'inDrop1')": 0.999726410249173,
    "('inDrop1', 'inDrop2')": 0.3204423112629839,
    "('inDrop1', 'inDrop3')": 0.35567913995706685,
    "('inDrop1', 'inDrop4')": 0.41868268815802284,
    "('inDrop1', 'smarter')": 0.21417140452152578,
    "('inDrop1', 'smartseq2')": 0.21555394077864506,
    "('inDrop2', 'inDrop2')": 0.999675481153246,
    "('inDrop2', 'inDrop3')": 0.35944639800515377,
    "('inDrop2', 'inDrop4')": 0.5260577076941213,
    "('inDrop2', 'smarter')": 0.3704589259419453,
    "('inDrop2', 'smartseq2')": 0.4160580439977392,
    "('inDrop3', 'inDrop3')": 0.9997943384423899,
    "('inDrop3', 'inDrop4')": 0.27751798759161245,
    "('inDrop3', 'smarter')": 0.27455470009977595,
    "('inDrop3', 'smartseq2')": 0.3485396420257154,
    "('inDrop4', 'inDrop4')": 0.9993854556040126,
    "('inDrop4', 'smarter')": 0.3005734326527659,
    "('inDrop4', 'smartseq2')": 0.28571630475368903,
    "('smarter', 'smarter')": 0.999993206781975,
    "('smarter', 'smartseq2')": 0.3563006085586138,
    "('smartseq2', 'smartseq2')": 0.9999875475539164
}