{
    "('celseq', 'celseq')": 1.0,
    "('celseq', 'celseq2')": 0.7699203187250996,
    "('celseq', 'fluidigmc1')": 0.16135458167330677,
    "('celseq', 'inDrop1')": 0.5906374501992032,
    "('celseq', 'inDrop2')": 0.6334106728538283,
    "('celseq', 'inDrop3')": 0.5418326693227091,
    "('celseq', 'inDrop4')": 0.6972111553784861,
    "('celseq', 'smarter')": 0.08067729083665338,
    "('celseq', 'smartseq2')": 0.4292828685258964,
    "('celseq2', 'celseq2')": 1.0,
    "('celseq2', 'fluidigmc1')": 0.061269146608315096,
    "('celseq2', 'inDrop1')": 0.36293236964377906,
    "('celseq2', 'inDrop2')": 0.5063805104408353,
    "('celseq2', 'inDrop3')": 0.2504854368932039,
    "('celseq2', 'inDrop4')": 0.4696853415195702,
    "('celseq2', 'smarter')": 0.03851203501094092,
    "('celseq2', 'smartseq2')": 0.27571115973741794,
    "('fluidigmc1', 'fluidigmc1')": 1.0,
    "('fluidigmc1', 'inDrop1')": 0.09757356737222508,
    "('fluidigmc1', 'inDrop2')": 0.12122969837587007,
    "('fluidigmc1', 'inDrop3')": 0.0638002773925104,
    "('fluidigmc1', 'inDrop4')": 0.14504988488104376,
    "('fluidigmc1', 'smarter')": 0.782171581769437,
    "('fluidigmc1', 'smartseq2')": 0.7711598746081505,
    "('inDrop1', 'inDrop1')": 1.0,
    "('inDrop1', 'inDrop2')": 0.8590604026845637,
    "('inDrop1', 'inDrop3')": 0.821889519876097,
    "('inDrop1', 'inDrop4')": 0.8750645327826536,
    "('inDrop1', 'smarter')": 0.020134228187919462,
    "('inDrop1', 'smartseq2')": 0.20185854414042334,
    "('inDrop2', 'inDrop2')": 1.0,
    "('inDrop2', 'inDrop3')": 0.8747099767981439,
    "('inDrop2', 'inDrop4')": 0.919953596287703,
    "('inDrop2', 'smarter')": 0.029002320185614848,
    "('inDrop2', 'smartseq2')": 0.25870069605568446,
    "('inDrop3', 'inDrop3')": 1.0,
    "('inDrop3', 'inDrop4')": 0.7636224098234843,
    "('inDrop3', 'smarter')": 0.014075067024128687,
    "('inDrop3', 'smartseq2')": 0.12011095700416088,
    "('inDrop4', 'inDrop4')": 1.0,
    "('inDrop4', 'smarter')": 0.01841903300076746,
    "('inDrop4', 'smartseq2')": 0.31465848042977745,
    "('smarter', 'smarter')": 1.0,
    "('smarter', 'smartseq2')": 0.789544235924933,
    "('smartseq2', 'smartseq2')": 1.0
}