{
    "('celseq', 'celseq')": 1.0,
    "('celseq', 'celseq2')": 0.34823161694026006,
    "('celseq', 'fluidigmc1')": 0.327319587628866,
    "('celseq', 'inDrop1')": 0.2568148780889868,
    "('celseq', 'inDrop2')": 0.29526630045378555,
    "('celseq', 'inDrop3')": 0.18443957082818793,
    "('celseq', 'inDrop4')": 0.40507033316651175,
    "('celseq', 'smarter')": 0.14782859894078,
    "('celseq', 'smartseq2')": 0.31594083812654067,
    "('celseq2', 'celseq2')": 1.0,
    "('celseq2', 'fluidigmc1')": 0.15737218240978304,
    "('celseq2', 'inDrop1')": 0.2528027801023374,
    "('celseq2', 'inDrop2')": 0.33977984552697194,
    "('celseq2', 'inDrop3')": 0.21074609152391519,
    "('celseq2', 'inDrop4')": 0.2937783872898377,
    "('celseq2', 'smarter')": 0.3377295261202059,
    "('celseq2', 'smartseq2')": 0.5335276967930029,
    "('fluidigmc1', 'fluidigmc1')": 1.0,
    "('fluidigmc1', 'inDrop1')": 0.19536082474226804,
    "('fluidigmc1', 'inDrop2')": 0.1722436954765876,
    "('fluidigmc1', 'inDrop3')": 0.08367968966472707,
    "('fluidigmc1', 'inDrop4')": 0.2862642087915074,
    "('fluidigmc1', 'smarter')": 0.19702214961657044,
    "('fluidigmc1', 'smartseq2')": 0.1614382696985951,
    "('inDrop1', 'inDrop1')": 1.0,
    "('inDrop1', 'inDrop2')": 0.3566003719319166,
    "('inDrop1', 'inDrop3')": 0.3912755708157763,
    "('inDrop1', 'inDrop4')": 0.43616925944512147,
    "('inDrop1', 'smarter')": 0.1643795527787376,
    "('inDrop1', 'smartseq2')": 0.2169397452444658,
    "('inDrop2', 'inDrop2')": 1.0,
    "('inDrop2', 'inDrop3')": 0.36384974536703585,
    "('inDrop2', 'inDrop4')": 0.5854978354978355,
    "('inDrop2', 'smarter')": 0.24927718416090508,
    "('inDrop2', 'smartseq2')": 0.3505583976870127,
    "('inDrop3', 'inDrop3')": 1.0,
    "('inDrop3', 'inDrop4')": 0.2945453799217446,
    "('inDrop3', 'smarter')": 0.1609414479545488,
    "('inDrop3', 'smartseq2')": 0.2328409435394628,
    "('inDrop4', 'inDrop4')": 1.0,
    "('inDrop4', 'smarter')": 0.25738967254276024,
    "('inDrop4', 'smartseq2')": 0.3143090479260692,
    "('smarter', 'smarter')": 1.0,
    "('smarter', 'smartseq2')": 0.3004499012735055,
    "('smartseq2', 'smartseq2')": 1.0
}