{
    "('celseq', 'celseq')": 1.0,
    "('celseq', 'celseq2')": 0.34873084484244865,
    "('celseq', 'fluidigmc1')": 0.31872852233676974,
    "('celseq', 'inDrop1')": 0.26062506556369797,
    "('celseq', 'inDrop2')": 0.28823258239436517,
    "('celseq', 'inDrop3')": 0.18603800920097954,
    "('celseq', 'inDrop4')": 0.4028919711160363,
    "('celseq', 'smarter')": 0.14446798266730862,
    "('celseq', 'smartseq2')": 0.30073952341824156,
    "('celseq2', 'celseq2')": 1.0,
    "('celseq2', 'fluidigmc1')": 0.16477139795727783,
    "('celseq2', 'inDrop1')": 0.24927641549369278,
    "('celseq2', 'inDrop2')": 0.333211701027793,
    "('celseq2', 'inDrop3')": 0.20581723242991706,
    "('celseq2', 'inDrop4')": 0.3018274652498571,
    "('celseq2', 'smarter')": 0.3252454037914055,
    "('celseq2', 'smartseq2')": 0.5481049562682215,
    "('fluidigmc1', 'fluidigmc1')": 1.0,
    "('fluidigmc1', 'inDrop1')": 0.19484536082474227,
    "('fluidigmc1', 'inDrop2')": 0.17755784296920304,
    "('fluidigmc1', 'inDrop3')": 0.08229426433915212,
    "('fluidigmc1', 'inDrop4')": 0.27674504180913423,
    "('fluidigmc1', 'smarter')": 0.2037102153793882,
    "('fluidigmc1', 'smartseq2')": 0.156827527916389,
    "('inDrop1', 'inDrop1')": 1.0,
    "('inDrop1', 'inDrop2')": 0.348144252536027,
    "('inDrop1', 'inDrop3')": 0.3905401912638925,
    "('inDrop1', 'inDrop4')": 0.43871159424826256,
    "('inDrop1', 'smarter')": 0.156167803171872,
    "('inDrop1', 'smartseq2')": 0.22013501078957168,
    "('inDrop2', 'inDrop2')": 1.0,
    "('inDrop2', 'inDrop3')": 0.37151839204155473,
    "('inDrop2', 'inDrop4')": 0.5735930735930735,
    "('inDrop2', 'smarter')": 0.2575909948002971,
    "('inDrop2', 'smartseq2')": 0.3835400686901607,
    "('inDrop3', 'inDrop3')": 1.0,
    "('inDrop3', 'inDrop4')": 0.29444790270063204,
    "('inDrop3', 'smarter')": 0.15880874834561906,
    "('inDrop3', 'smartseq2')": 0.24087575134365571,
    "('inDrop4', 'inDrop4')": 1.0,
    "('inDrop4', 'smarter')": 0.2418570762109942,
    "('inDrop4', 'smartseq2')": 0.2934622823984526,
    "('smarter', 'smarter')": 1.0,
    "('smarter', 'smartseq2')": 0.3075230913982057,
    "('smartseq2', 'smartseq2')": 1.0
}